goal_id,level,unit,lesson_id,title,source_file,source_h1,source_id_title_match,source_objective_match,declared_skills_present,source_objective,declared_skills,minutes,exercise_count,exercise_ids,exercise_headings,quiz_item_count,answer_key_present,dialogue_section_count,reading_script_count,listening_script_heading_count,other_model_text_count,oral_activity_status,oral_activity_evidence,audit_note,performance_task_count,assessment_status,generated_audio_clips,audio_review_status
DL-A0-01-G01,A0,1,a0-01-alphabet,الحروف والأصوات الألمانية,content/A0/lesson-01-alphabet.md,A0.1 — الحروف والأصوات الألمانية,true,true,true,أستطيع التعرّف على أسماء الحروف وتهجئة اسمي وقراءة بعض الأنماط الصوتية الشائعة.,قراءة أولية، تهجئة، نطق,20,7,DL-A0-01-T01;DL-A0-01-T02;DL-A0-01-T03;DL-A0-01-T04;DL-A0-01-T05;DL-A0-01-T06;DL-A0-01-T07,تمرين 1 — اختر النمط الصحيح | تمرين 2 — ما الصوت الأقرب؟ | تمرين 3 — صِل الكلمة بالنمط | تمرين 4 — تهجئة اسم | تمرين 5 — قراءة كلمات | تمرين 6 — كتابة من الذاكرة (دون تسجيل صوتي) | تمرين 7 — تحدّي سريع,10,true,0,0,0,0,pronunciation_only,T04 يتهجّى الاسم شفهيًا؛ P01 وP02 أداء ذاتي محفوظ محليًا، بلا تسجيل أو تصحيح آلي للنطق.,رُوجع فرديًا وتراكميًا (a0-01-v2): 10 أسئلة موضوعية (7 تمارين مصدرية) ومهمتا أداء P01/P02 بعتبة 80% وتحقق ذاتي محلي؛ الأصول الصوتية (3 أصول / 3 مقاطع) بحالة ready (معتمدة في مسار A0–B1.8 دون ادعاء مراجعة سمعية بشرية).,2,ready,3,ready
DL-A0-02-G01,A0,2,a0-02-greetings,التحية والتعارف,content/A0/lesson-02-greetings.md,A0.2 — التحية والتعارف,true,true,true,أستطيع أن أحيّي شخصًا، أودّعه، وأقول اسمي وأسأل عن اسمه بطريقة مناسبة. تسجيلات هذا الدرس النهائية جاهزة الآن للاستماع.,قراءة الحوار، تفاعل ومحادثة مباشرة,20,8,DL-A0-02-T01;DL-A0-02-T02;DL-A0-02-T03;DL-A0-02-T04;DL-A0-02-T05;DL-A0-02-T06;DL-A0-02-T07;DL-A0-02-T08,تمرين 1 — اختر التحية المناسبة | تمرين 2 — أكمل الفعل | تمرين 3 — رسمي أم غير رسمي؟ | تمرين 4 — رتّب الكلمات | تمرين 5 — اختر الرد الطبيعي | تمرين 6 — أكمل الحوار | تمرين 7 — تحدّث | تمرين 8 — كتابة قصيرة,10,true,2,0,0,0,explicit_oral_interaction,T07 تمثيل حوار du/Sie؛ أداء المهام بتحقق ذاتي محلي دون تسجيل صوت.,رُوجع فرديًا وتراكميًا (a0-02-v2): 10 أسئلة موضوعية (8 تمارين مصدرية) ومهمتا أداء P01/P02 بعتبة 80% وتحقق ذاتي محلي؛ الأصول الصوتية (3 أصول / 9 مقاطع) بحالة ready (معتمدة في مسار A0–B1.8 دون ادعاء مراجعة سمعية بشرية).,2,ready,9,ready
DL-A0-03-G01,A0,3,a0-03-numbers-personal-info,الأرقام والبيانات الشخصية,content/A0/lesson-03-numbers-personal-info.md,A0.3 — الأرقام والبيانات الشخصية,true,true,true,أستطيع السؤال والجواب عن بيانات شخصية نموذجية وعمر من 0 إلى 20، وطلب رقم تدريبي وقراءة خاناته منفردة. التسجيلات الموجودة متاحة للاستماع؛ هذه المراجعة نصية وليست اعتمادًا سمعيًا جديدًا.,قراءة، كتابة، محادثة مباشرة,25,8,DL-A0-03-T01;DL-A0-03-T02;DL-A0-03-T03;DL-A0-03-T04;DL-A0-03-T05;DL-A0-03-T06;DL-A0-03-T07;DL-A0-03-T08,تمرين 1 — اكتب الرقم بالألمانية | تمرين 2 — اكتب الرقم بالأرقام | تمرين 3 — توسعة اختيارية: أكمل العدد المركب | تمرين 4 — اختر السؤال المناسب | تمرين 5 — أكمل الحوار | تمرين 6 — رقم الهاتف | تمرين 7 — مقابلة قصيرة | تمرين 8 — بطاقة تعارف,10,true,2,0,0,0,explicit_oral_interaction,T06 قراءة خانات رقم تدريبي وكتابتها دون تسجيل؛ T07 مقابلة أو إجابة شفهية؛ التحقق الذاتي محلي.,رُوجع فرديًا وتراكميًا (a0-03-v3): 10 أسئلة موضوعية (8 تمارين مصدرية) ومهمتا أداء P01/P02 بعتبة 80% وتحقق ذاتي محلي؛ الأصول الصوتية (2 أصول / 7 مقاطع) بحالة ready (معتمدة في مسار A0–B1.8 دون ادعاء مراجعة سمعية بشرية).,2,ready,7,ready
DL-A0-04-G01,A0,4,a0-04-first-sentences,الضمائر وأول جمل بـ sein وhaben,content/A0/lesson-04-first-sentences.md,A0.4 — الضمائر وأول جمل بـ sein وhaben,true,true,true,أستطيع تكوين جمل قصيرة عن نفسي وشخص آخر باستخدام sein وhaben.,قراءة، محادثة، قواعد أساسية,25,8,DL-A0-04-T01;DL-A0-04-T02;DL-A0-04-T03;DL-A0-04-T04;DL-A0-04-T05;DL-A0-04-T06;DL-A0-04-T07;DL-A0-04-T08,تمرين 1 — اختر الضمير المناسب | تمرين 2 — أكمل بـ sein | تمرين 3 — أكمل بـ haben | تمرين 4 — صح أم خطأ؟ صحّح الخطأ | تمرين 5 — رتّب الكلمات | تمرين 6 — حوّل إلى سؤال | تمرين 7 — أربع جمل عن النفس وشخص آخر | تمرين 8 — حوار قصير,10,true,1,0,0,0,oral_option_with_solo_written_read_aloud_alternative,رُوجع في a0-04-v2: يربط التمرين الختامي (DL-A0-04-T01;DL-A0-04-T02;DL-A0-04-T03;DL-A0-04-T04;DL-A0-04-T05;DL-A0-04-T06;DL-A0-04-T07;DL-A0-04-T08) ومهمتا الأداء P01/P02 بين الإنتاج الكتابي والأداء الشفهي مع بديل فردي بالكتابة والقراءة بصوت مسموع دون تسجيل.,رُوجع فرديًا وتراكميًا (a0-04-v2): 10 أسئلة موضوعية (8 تمارين مصدرية) ومهمتا أداء P01/P02 بعتبة 80% وتحقق ذاتي محلي؛ الأصول الصوتية (1 أصول / 1 مقاطع) بحالة ready (معتمدة في مسار A0–B1.8 دون ادعاء مراجعة سمعية بشرية).,2,ready,1,ready
DL-A0-05-G01,A0,5,a0-05-classroom-phrases,عبارات الصف وطلب المساعدة,content/A0/lesson-05-classroom-phrases.md,A0.5 — عبارات الصف وطلب المساعدة,true,true,true,أستطيع طلب التكرار أو التوضيح، وأقول إنني لا أفهم كلمة. التسجيلات الموجودة متاحة للاستماع؛ لا نحتاج إلى تسجيل صوتك أو مشاركة بيانات شخصية لإنجاز الأنشطة.,قراءة، تفاعل ومحادثة مباشرة,20,8,DL-A0-05-T01;DL-A0-05-T02;DL-A0-05-T03;DL-A0-05-T04;DL-A0-05-T05;DL-A0-05-T06;DL-A0-05-T07;DL-A0-05-T08,تمرين 1 — صِل العبارة بمعناها | تمرين 2 — أكمل بالكلمة المناسبة | تمرين 3 — رسمي أم غير رسمي؟ | تمرين 4 — رتّب الكلمات | تمرين 5 — اختر الطلب اللطيف | تمرين 6 — أكمل الحوار | تمرين 7 — مهمة تواصل | تمرين 8 — بطاقة مساعدة شخصية,10,true,2,0,0,0,explicit_oral_interaction,T07 محاكاة طلب التكرار/التوضيح من المدرّس؛ تحقق ذاتي محلي دون تسجيل.,رُوجع فرديًا وتراكميًا (a0-05-v2): 10 أسئلة موضوعية (8 تمارين مصدرية) ومهمتا أداء P01/P02 بعتبة 80% وتحقق ذاتي محلي؛ الأصول الصوتية (2 أصول / 6 مقاطع) بحالة ready (معتمدة في مسار A0–B1.8 دون ادعاء مراجعة سمعية بشرية).,2,ready,6,ready
DL-A1-01-G01,A1,1,a1-01-introductions-languages-hobbies,التعريف بالنفس واللغات والهوايات,content/A1/lesson-01-introductions-languages-hobbies.md,A1.1 — التعريف بالنفس واللغات والهوايات,true,true,true,أقدّم نفسي وأذكر بلدًا ومدينةً أسكن فيها؛ أقول ما اللغات التي أتحدثها وما اللغة التي أتعلمها؛ أسأل شخصًا عن لغاته وهواياته؛ أصف هواية أمارسها باستخدام gern.,مفردات، قواعد، قراءة، استماع قصير، محادثة وكتابة,30,10,DL-A1-01-T01;DL-A1-01-T02;DL-A1-01-T03;DL-A1-01-T04;DL-A1-01-T05;DL-A1-01-T06;DL-A1-01-T07;DL-A1-01-T08;DL-A1-01-T09;DL-A1-01-T10,تمرين 1 — صِل المفردة بالمعنى | تمرين 2 — اختر التصريف المناسب | تمرين 3 — رتّب الكلمات لتكوين جملة | تمرين 4 — ضع gern في المكان المناسب | تمرين 5 — أكمل من النص | تمرين 6 — فهم القراءة | تمرين 7 — أكمل نص الاستماع | تمرين 8 — كوّن السؤال المناسب | تمرين 9 — بطاقة معلومات | تمرين 10 — محادثة ثنائية,10,true,1,1,1,0,oral_option_with_solo_written_alternative,T10 مقابلة ثنائية؛ البديل الفردي كتابة حوار وقراءته.,رُوجع فرديًا وتراكميًا (a1-01-v2): 10 أسئلة موضوعية (10 تمارين مصدرية) ومهمتا أداء P01/P02 بعتبة 80% وتحقق ذاتي محلي؛ الأصول الصوتية (2 أصول / 2 مقاطع) بحالة ready (معتمدة في مسار A0–B1.8 دون ادعاء مراجعة سمعية بشرية).,2,ready,2,ready
DL-A1-02-G01,A1,2,a1-02-work-family,الأسرة والمهن,content/A1/lesson-02-work-family.md,A1.2 — الأسرة والمهن,true,true,true,أستطيع أن أصف أسرتي وأذكر مهنة شخص وأسأل عن عمله.,مفردات، قراءة، استماع قصير، محادثة وكتابة,30,9,DL-A1-02-T01;DL-A1-02-T02;DL-A1-02-T03;DL-A1-02-T04;DL-A1-02-T05;DL-A1-02-T06;DL-A1-02-T07;DL-A1-02-T08;DL-A1-02-T09,تمرين 1 — اختر المفردة | تمرين 2 — أكمل بـmein أو meine | تمرين 3 — أكمل الفعل | تمرين 4 — كوّن جملة | تمرين 5 — اسأل عن المهنة ومكان العمل والإخوة | تمرين 6 — فهم القراءة | تمرين 7 — فهم الاستماع | تمرين 8 — ملف عائلي قصير | تمرين 9 — محادثة ثنائية,10,true,1,1,1,0,oral_option_with_solo_written_alternative,T09 أسئلة لزميل وتلخيص؛ البديل الفردي كتابي.,رُوجع فرديًا وتراكميًا (a1-02-v2): 10 أسئلة موضوعية (9 تمارين مصدرية) ومهمتا أداء P01/P02 بعتبة 80% وتحقق ذاتي محلي؛ الأصول الصوتية (2 أصول / 2 مقاطع) بحالة ready (معتمدة في مسار A0–B1.8 دون ادعاء مراجعة سمعية بشرية).,2,ready,2,ready
DL-A1-03-G01,A1,3,a1-03-city-cafe-hotel,في المدينة: المقهى والفندق,content/A1/lesson-03-city-cafe-hotel.md,A1.3 — في المدينة: المقهى والفندق,true,true,true,أستطيع طلب شيء في مقهى، السؤال عن مكان، وفهم تعليمات بسيطة في المدينة.,قراءة، محادثة، مفردات، قواعد,30,9,DL-A1-03-T01;DL-A1-03-T02;DL-A1-03-T03;DL-A1-03-T04;DL-A1-03-T05;DL-A1-03-T06;DL-A1-03-T07;DL-A1-03-T08;DL-A1-03-T09,تمرين 1 — أكمل اسم المكان | تمرين 2 — اختر الاتجاه | تمرين 3 — أكمل بـmöchte أو möchtest أو möchten | تمرين 4 — اختر أداة الطلب المناسبة | تمرين 5 — رتّب الحوار | تمرين 6 — قراءة | تمرين 7 — استماع/قراءة الاتجاه | تمرين 8 — موقف تمثيلي | تمرين 9 — مسار خيالي مكتوب,10,true,2,1,1,0,explicit_roleplay,T08 موقف مقهى تمثيلي.,رُوجع فرديًا وتراكميًا (a1-03-v2): 10 أسئلة موضوعية (9 تمارين مصدرية) ومهمتا أداء P01/P02 بعتبة 80% وتحقق ذاتي محلي؛ الأصول الصوتية (3 أصول / 12 مقاطع) بحالة ready (معتمدة في مسار A0–B1.8 دون ادعاء مراجعة سمعية بشرية).,2,ready,12,ready
DL-A1-04-G01,A1,4,a1-04-daily-routine-time,الروتين اليومي والوقت,content/A1/lesson-04-daily-routine-time.md,A1.4 — الروتين اليومي والوقت,true,true,true,أستطيع أن أصف يومي وأذكر متى أفعل الأشياء.,مفردات، استماع، كتابة، محادثة وقواعد,30,9,DL-A1-04-T01;DL-A1-04-T02;DL-A1-04-T03;DL-A1-04-T04;DL-A1-04-T05;DL-A1-04-T06;DL-A1-04-T07;DL-A1-04-T08;DL-A1-04-T09,تمرين 1 — اختر حرف الجر المناسب | تمرين 2 — اكتب الوقت بالكلمات | تمرين 3 — أكمل الفعل المنفصل | تمرين 4 — رتّب الجملة | تمرين 5 — اختر الجملة الصحيحة | تمرين 6 — فهم القراءة والمفردات | تمرين 7 — فهم الاستماع | تمرين 8 — اكتب يومًا عاديًا | تمرين 9 — تحدّث,10,true,0,1,1,0,explicit_oral_interview,T09 سؤال زميل وتلخيص الإجابات.,رُوجع فرديًا وتراكميًا (a1-04-v2): 10 أسئلة موضوعية (9 تمارين مصدرية) ومهمتا أداء P01/P02 بعتبة 80% وتحقق ذاتي محلي؛ الأصول الصوتية (2 أصول / 2 مقاطع) بحالة ready (معتمدة في مسار A0–B1.8 دون ادعاء مراجعة سمعية بشرية).,2,ready,2,ready
DL-A1-05-G01,A1,5,a1-05-food-drink,الطعام والشراب,content/A1/lesson-05-food-drink.md,A1.5 — الطعام والشراب,true,true,true,أستطيع أن أسمّي أطعمة شائعة، أتحدث عن تفضيلاتي، وأطلب وجبة بسيطة.,مفردات، قراءة، استماع، محادثة وكتابة,30,8,DL-A1-05-T01;DL-A1-05-T02;DL-A1-05-T03;DL-A1-05-T04;DL-A1-05-T05;DL-A1-05-T06;DL-A1-05-T07;DL-A1-05-T08,تمرين 1 — اختر الكلمة المناسبة | تمرين 2 — أكمل بالفعل essen | تمرين 3 — اختر mag أو möchte | تمرين 4 — أكمل الحوار | تمرين 5 — قراءة | تمرين 6 — استماع | تمرين 7 — أعد ترتيب الطلب | تمرين 8 — وجبات يوم واحد,10,true,2,1,1,0,oral_option_with_solo_written_read_aloud_alternative,رُوجع في a1-05-v2: يربط التمرين الختامي (DL-A1-05-T01;DL-A1-05-T02;DL-A1-05-T03;DL-A1-05-T04;DL-A1-05-T05;DL-A1-05-T06;DL-A1-05-T07;DL-A1-05-T08) ومهمتا الأداء P01/P02 بين الإنتاج الكتابي والأداء الشفهي مع بديل فردي بالكتابة والقراءة بصوت مسموع دون تسجيل.,رُوجع فرديًا وتراكميًا (a1-05-v2): 10 أسئلة موضوعية (8 تمارين مصدرية) ومهمتا أداء P01/P02 بعتبة 80% وتحقق ذاتي محلي؛ الأصول الصوتية (2 أصول / 2 مقاطع) بحالة ready (معتمدة في مسار A0–B1.8 دون ادعاء مراجعة سمعية بشرية).,2,ready,2,ready
DL-A1-06-G01,A1,6,a1-06-yesterday-perfekt,أمس واليوم: مقدمة إلى Perfekt,content/A1/lesson-06-yesterday-perfekt.md,A1.6 — أمس واليوم: مقدمة إلى Perfekt,true,true,true,أستطيع أن أقول بجمل بسيطة ماذا فعلت أمس أو في عطلة الأسبوع.,قراءة، استماع، سرد تجربة قصيرة، قواعد,30,8,DL-A1-06-T01;DL-A1-06-T02;DL-A1-06-T03;DL-A1-06-T04;DL-A1-06-T05;DL-A1-06-T06;DL-A1-06-T07;DL-A1-06-T08,تمرين 1 — أكمل بالمساعد المصرف | تمرين 2 — كوّن Partizip II | تمرين 3 — أكمل الجملة | تمرين 4 — رتّب الكلمات وحوّل الزمن | تمرين 5 — اختر الجملة الصحيحة | تمرين 6 — فهم القراءة | تمرين 7 — فهم الاستماع | تمرين 8 — سرد كتابي عن أمس,10,true,0,1,1,0,oral_option_with_solo_written_read_aloud_alternative,رُوجع في a1-06-v2: يربط التمرين الختامي (DL-A1-06-T01;DL-A1-06-T02;DL-A1-06-T03;DL-A1-06-T04;DL-A1-06-T05;DL-A1-06-T06;DL-A1-06-T07;DL-A1-06-T08) ومهمتا الأداء P01/P02 بين الإنتاج الكتابي والأداء الشفهي مع بديل فردي بالكتابة والقراءة بصوت مسموع دون تسجيل.,رُوجع فرديًا وتراكميًا (a1-06-v2): 10 أسئلة موضوعية (8 تمارين مصدرية) ومهمتا أداء P01/P02 بعتبة 80% وتحقق ذاتي محلي؛ الأصول الصوتية (2 أصول / 2 مقاطع) بحالة ready (معتمدة في مسار A0–B1.8 دون ادعاء مراجعة سمعية بشرية).,2,ready,2,ready
DL-A1-07-G01,A1,7,a1-07-travel-weather,السفر والطقس,content/A1/lesson-07-travel-weather.md,A1.7 — السفر والطقس,true,true,true,أستطيع أن أذكر وسيلة النقل ووجهة الرحلة وأسأل عن الطقس.,مفردات، استماع، قراءة، محادثة,30,8,DL-A1-07-T01;DL-A1-07-T02;DL-A1-07-T03;DL-A1-07-T04;DL-A1-07-T05;DL-A1-07-T06;DL-A1-07-T07;DL-A1-07-T08,تمرين 1 — صِل وسيلة النقل | تمرين 2 — أكمل بـmit dem أو mit der | تمرين 3 — أكمل المعلومة المناسبة | تمرين 4 — اختر العبارة المناسبة | تمرين 5 — رتّب الجملة | تمرين 6 — فهم القراءة | تمرين 7 — فهم الاستماع | تمرين 8 — خطط رحلة قصيرة,10,true,1,1,1,0,oral_option_with_solo_written_read_aloud_alternative,رُوجع في a1-07-v2: يربط التمرين الختامي (DL-A1-07-T01;DL-A1-07-T02;DL-A1-07-T03;DL-A1-07-T04;DL-A1-07-T05;DL-A1-07-T06;DL-A1-07-T07;DL-A1-07-T08) ومهمتا الأداء P01/P02 بين الإنتاج الكتابي والأداء الشفهي مع بديل فردي بالكتابة والقراءة بصوت مسموع دون تسجيل.,رُوجع فرديًا وتراكميًا (a1-07-v2): 10 أسئلة موضوعية (8 تمارين مصدرية) ومهمتا أداء P01/P02 بعتبة 80% وتحقق ذاتي محلي؛ الأصول الصوتية (3 أصول / 8 مقاطع) بحالة ready (معتمدة في مسار A0–B1.8 دون ادعاء مراجعة سمعية بشرية).,2,ready,8,ready
DL-A1-08-G01,A1,8,a1-08-shopping-clothes,التسوّق والملابس والاحتياجات,content/A1/lesson-08-shopping-clothes.md,A1.8 — التسوّق والملابس والاحتياجات,true,true,true,أستطيع أن أطلب غرضًا، أسأل عن السعر والمقاس، وأقول ما أحتاج إليه.,مفردات، محادثة، قراءة، قواعد,30,8,DL-A1-08-T01;DL-A1-08-T02;DL-A1-08-T03;DL-A1-08-T04;DL-A1-08-T05;DL-A1-08-T06;DL-A1-08-T07;DL-A1-08-T08,تمرين 1 — اختر القطعة المناسبة | تمرين 2 — صرّف müssen بحسب الفاعل | تمرين 3 — ضع الفعل في النهاية | تمرين 4 — أكمل سؤال المتجر | تمرين 5 — اقرأ وحدد صحيح/خطأ | تمرين 6 — استماع | تمرين 7 — الرد وطلب التجربة | تمرين 8 — موقف تمثيلي,10,true,1,1,1,0,explicit_roleplay,T08 تمثيل حوار متجر.,رُوجع فرديًا وتراكميًا (a1-08-v2): 10 أسئلة موضوعية (8 تمارين مصدرية) ومهمتا أداء P01/P02 بعتبة 80% وتحقق ذاتي محلي؛ الأصول الصوتية (3 أصول / 9 مقاطع) بحالة ready (معتمدة في مسار A0–B1.8 دون ادعاء مراجعة سمعية بشرية).,2,ready,9,ready
DL-A1-09-G01,A1,9,a1-09-work-appointments,العمل والمشكلات والمواعيد,content/A1/lesson-09-work-appointments.md,A1.9 — العمل والمشكلات والمواعيد,true,true,true,أستطيع أن أصف مشكلة بسيطة في العمل، وأرتب موعدًا وأقول ما أستطيع فعله.,مفردات، قواعد، قراءة، استماع، محادثة,30,8,DL-A1-09-T01;DL-A1-09-T02;DL-A1-09-T03;DL-A1-09-T04;DL-A1-09-T05;DL-A1-09-T06;DL-A1-09-T07;DL-A1-09-T08,تمرين 1 — اختر الكلمة المناسبة | تمرين 2 — أكمل بـam أو um | تمرين 3 — صرّف können | تمرين 4 — ضع الفعل الأساسي في النهاية | تمرين 5 — اختر النمط الأساسي واكتب رسالة | تمرين 6 — فهم القراءة | تمرين 7 — فهم الاستماع | تمرين 8 — رتّب موعدًا,10,true,1,1,1,0,oral_option_with_solo_written_read_aloud_alternative,رُوجع في a1-09-v2: يربط التمرين الختامي (DL-A1-09-T01;DL-A1-09-T02;DL-A1-09-T03;DL-A1-09-T04;DL-A1-09-T05;DL-A1-09-T06;DL-A1-09-T07;DL-A1-09-T08) ومهمتا الأداء P01/P02 بين الإنتاج الكتابي والأداء الشفهي مع بديل فردي بالكتابة والقراءة بصوت مسموع دون تسجيل.,رُوجع فرديًا وتراكميًا (a1-09-v2): 10 أسئلة موضوعية (8 تمارين مصدرية) ومهمتا أداء P01/P02 بعتبة 80% وتحقق ذاتي محلي؛ الأصول الصوتية (3 أصول / 8 مقاطع) بحالة ready (معتمدة في مسار A0–B1.8 دون ادعاء مراجعة سمعية بشرية).,2,ready,8,ready
DL-A1-10-G01,A1,10,a1-10-hobbies-health,الهوايات والصحة وزيارة الطبيب,content/A1/lesson-10-hobbies-health.md,A1.10 — الهوايات والصحة وزيارة الطبيب,true,true,true,أستطيع أن أتحدث عن هواية، وأصف عرضًا صحيًا بسيطًا، وأفهم نصيحة قصيرة.,مفردات، قراءة، استماع، محادثة، قواعد,30,8,DL-A1-10-T01;DL-A1-10-T02;DL-A1-10-T03;DL-A1-10-T04;DL-A1-10-T05;DL-A1-10-T06;DL-A1-10-T07;DL-A1-10-T08,تمرين 1 — صِل الهواية بالمعنى | تمرين 2 — اختر العرض المناسب | تمرين 3 — أكمل تصريف sollen | تمرين 4 — أكمل الجملة بالفعل في النهاية | تمرين 5 — اختر العبارة وتدرّب على الزيارة | تمرين 6 — فهم القراءة | تمرين 7 — فهم الاستماع | تمرين 8 — ملاحظة مكتوبة من ثلاث جمل,10,true,1,1,1,0,oral_option_with_solo_written_read_aloud_alternative,رُوجع في a1-10-v2: يربط التمرين الختامي (DL-A1-10-T01;DL-A1-10-T02;DL-A1-10-T03;DL-A1-10-T04;DL-A1-10-T05;DL-A1-10-T06;DL-A1-10-T07;DL-A1-10-T08) ومهمتا الأداء P01/P02 بين الإنتاج الكتابي والأداء الشفهي مع بديل فردي بالكتابة والقراءة بصوت مسموع دون تسجيل.,رُوجع فرديًا وتراكميًا (a1-10-v2): 10 أسئلة موضوعية (8 تمارين مصدرية) ومهمتا أداء P01/P02 بعتبة 80% وتحقق ذاتي محلي؛ الأصول الصوتية (3 أصول / 8 مقاطع) بحالة ready (معتمدة في مسار A0–B1.8 دون ادعاء مراجعة سمعية بشرية).,2,ready,8,ready
DL-A1-11-G01,A1,11,a1-11-home-directions,السكن والمنزل والاتجاهات,content/A1/lesson-11-home-directions.md,A1.11 — السكن والمنزل والاتجاهات,true,true,true,أستطيع أن أصف مسكنًا بسيطًا، وأسأل عن الطريق وأفهم تعليمات قصيرة.,مفردات، قواعد، قراءة، استماع، وصف مكان,30,8,DL-A1-11-T01;DL-A1-11-T02;DL-A1-11-T03;DL-A1-11-T04;DL-A1-11-T05;DL-A1-11-T06;DL-A1-11-T07;DL-A1-11-T08,تمرين 1 — اختر الغرفة المناسبة | تمرين 2 — أكمل بـ einen أو eine أو ein | تمرين 3 — أكمل اتجاه الطريق | تمرين 4 — رتّب الجملة | تمرين 5 — اقرأ وحدّد صحيحًا أو خطأ | تمرين 6 — فهم الاستماع | تمرين 7 — السؤال عن الطريق وتطبيقه | تمرين 8 — وصف مسكن كتابةً,10,true,1,1,1,0,oral_option_with_solo_written_read_aloud_alternative,رُوجع في a1-11-v2: يربط التمرين الختامي (DL-A1-11-T01;DL-A1-11-T02;DL-A1-11-T03;DL-A1-11-T04;DL-A1-11-T05;DL-A1-11-T06;DL-A1-11-T07;DL-A1-11-T08) ومهمتا الأداء P01/P02 بين الإنتاج الكتابي والأداء الشفهي مع بديل فردي بالكتابة والقراءة بصوت مسموع دون تسجيل.,رُوجع فرديًا وتراكميًا (a1-11-v2): 10 أسئلة موضوعية (8 تمارين مصدرية) ومهمتا أداء P01/P02 بعتبة 80% وتحقق ذاتي محلي؛ الأصول الصوتية (3 أصول / 7 مقاطع) بحالة ready (معتمدة في مسار A0–B1.8 دون ادعاء مراجعة سمعية بشرية).,2,ready,7,ready
DL-A1-12-G01,A1,12,a1-12-trip-invitations,رحلة قصيرة ومناسبات ودعوات,content/A1/lesson-12-trip-invitations.md,A1.12 — رحلة قصيرة ومناسبات ودعوات,true,true,true,أستطيع أن أدعو شخصًا إلى مناسبة أو رحلة قصيرة، وأقبل الدعوة أو أعتذر وأتفق على الوقت.,قراءة، استماع، محادثة، كتابة، مراجعة,30,8,DL-A1-12-T01;DL-A1-12-T02;DL-A1-12-T03;DL-A1-12-T04;DL-A1-12-T05;DL-A1-12-T06;DL-A1-12-T07;DL-A1-12-T08,تمرين 1 — اختر التعبير المناسب | تمرين 2 — أكمل بـ kann أو kannst أو können | تمرين 3 — ضع الفعل في النهاية | تمرين 4 — رتّب الدعوة | تمرين 5 — فهم الرسالة | تمرين 6 — فهم الاستماع | تمرين 7 — ردّ على الدعوة | تمرين 8 — مهمة ختامية A1,10,true,1,0,1,1,oral_option_with_solo_written_read_aloud_alternative,رُوجع في a1-12-v2: يربط التمرين الختامي (DL-A1-12-T01;DL-A1-12-T02;DL-A1-12-T03;DL-A1-12-T04;DL-A1-12-T05;DL-A1-12-T06;DL-A1-12-T07;DL-A1-12-T08) ومهمتا الأداء P01/P02 بين الإنتاج الكتابي والأداء الشفهي مع بديل فردي بالكتابة والقراءة بصوت مسموع دون تسجيل.,رُوجع فرديًا وتراكميًا (a1-12-v2): 10 أسئلة موضوعية (8 تمارين مصدرية) ومهمتا أداء P01/P02 بعتبة 80% وتحقق ذاتي محلي؛ الأصول الصوتية (4 أصول / 11 مقاطع) بحالة ready (معتمدة في مسار A0–B1.8 دون ادعاء مراجعة سمعية بشرية).,2,ready,11,ready
DL-A2-01-G01,A2,1,a2-01-routines-abilities-experiences,الحياة اليومية والقدرات والتجارب,content/A2/lesson-01-routines-abilities-experiences.md,A2.1 — الحياة اليومية والقدرات والتجارب,true,true,true,أستطيع أن أتحدث عن روتيني وخبراتي، وأقول منذ متى أفعل شيئًا وما الذي أستطيع فعله.,قراءة، استماع، قواعد، محادثة، كتابة,30,8,DL-A2-01-T01;DL-A2-01-T02;DL-A2-01-T03;DL-A2-01-T04;DL-A2-01-T05;DL-A2-01-T06;DL-A2-01-T07;DL-A2-01-T08,تمرين 1 — اختر seit أو vor | تمرين 2 — أكمل التركيب | تمرين 3 — أكمل Perfekt بـ haben أو sein | تمرين 4 — أكمل بـ können مصرّفًا | تمرين 5 — رتّب الكلمات | تمرين 6 — فهم القراءة | تمرين 7 — فهم الاستماع | تمرين 8 — تحدث/كتابة,10,true,1,1,1,0,oral_option_with_solo_written_read_aloud_alternative,رُوجع في a2-01-v2: يربط التمرين الختامي (DL-A2-01-T01;DL-A2-01-T02;DL-A2-01-T03;DL-A2-01-T04;DL-A2-01-T05;DL-A2-01-T06;DL-A2-01-T07;DL-A2-01-T08) ومهمتا الأداء P01/P02 بين الإنتاج الكتابي والأداء الشفهي مع بديل فردي بالكتابة والقراءة بصوت مسموع دون تسجيل.,رُوجع فرديًا وتراكميًا (a2-01-v2): 10 أسئلة موضوعية (8 تمارين مصدرية) ومهمتا أداء P01/P02 بعتبة 80% وتحقق ذاتي محلي؛ الأصول الصوتية (5 أصول / 10 مقاطع) بحالة ready (معتمدة في مسار A0–B1.8 دون ادعاء مراجعة سمعية بشرية).,2,ready,10,ready
DL-A2-02-G01,A2,2,a2-02-travel-comparisons,الرحلات والأماكن والمقارنة,content/A2/lesson-02-travel-comparisons.md,A2.2 — الرحلات والأماكن والمقارنة,true,true,true,أستطيع أن أقارن بين وسائل النقل والوجهات، وأختار رحلة مناسبة وأشرح اختياري.,قراءة، استماع، قواعد، تخطيط رحلة,30,8,DL-A2-02-T01;DL-A2-02-T02;DL-A2-02-T03;DL-A2-02-T04;DL-A2-02-T05;DL-A2-02-T06;DL-A2-02-T07;DL-A2-02-T08,تمرين 1 — أكمل صيغة المقارنة | تمرين 2 — أكمل بـ als أو wie | تمرين 3 — اختر صيغة التفضيل | تمرين 4 — كوّن جمل مقارنة | تمرين 5 — فهم القراءة | تمرين 6 — فهم الاستماع | تمرين 7 — اختر وسيلة النقل | تمرين 8 — خطّط رحلة مقارنة,10,true,1,1,1,0,oral_option_with_solo_written_read_aloud_alternative,رُوجع في a2-02-v2: يربط التمرين الختامي (DL-A2-02-T01;DL-A2-02-T02;DL-A2-02-T03;DL-A2-02-T04;DL-A2-02-T05;DL-A2-02-T06;DL-A2-02-T07;DL-A2-02-T08) ومهمتا الأداء P01/P02 بين الإنتاج الكتابي والأداء الشفهي مع بديل فردي بالكتابة والقراءة بصوت مسموع دون تسجيل.,رُوجع فرديًا وتراكميًا (a2-02-v2): 10 أسئلة موضوعية (8 تمارين مصدرية) ومهمتا أداء P01/P02 بعتبة 80% وتحقق ذاتي محلي؛ الأصول الصوتية (5 أصول / 10 مقاطع) بحالة ready (معتمدة في مسار A0–B1.8 دون ادعاء مراجعة سمعية بشرية).,2,ready,10,ready
DL-A2-03-G01,A2,3,a2-03-food-nutrition-shopping,الطعام والتغذية والشراء والمطعم,content/A2/lesson-03-food-nutrition-shopping.md,A2.3 — الطعام والتغذية والشراء والمطعم,true,true,true,أستطيع أن أطلب طعامًا، وأتحدث عن الكميات والعادات الغذائية اليومية.,مفردات، قراءة، استماع، قواعد، محادثة,30,8,DL-A2-03-T01;DL-A2-03-T02;DL-A2-03-T03;DL-A2-03-T04;DL-A2-03-T05;DL-A2-03-T06;DL-A2-03-T07;DL-A2-03-T08,تمرين 1 — اختر الكلمة المناسبة | تمرين 2 — أكمل بـ Wie viel أو Wie viele | تمرين 3 — صرّف الفعل المعطى مع man | تمرين 4 — أكمل وحدة الكمية | تمرين 5 — رتّب طلب المطعم وافهم الحوار | تمرين 6 — فهم القراءة | تمرين 7 — فهم الاستماع | تمرين 8 — تسوّق أو اطلب,10,true,2,1,1,0,oral_option_with_solo_written_read_aloud_alternative,رُوجع في a2-03-v2: يربط التمرين الختامي (DL-A2-03-T01;DL-A2-03-T02;DL-A2-03-T03;DL-A2-03-T04;DL-A2-03-T05;DL-A2-03-T06;DL-A2-03-T07;DL-A2-03-T08) ومهمتا الأداء P01/P02 بين الإنتاج الكتابي والأداء الشفهي مع بديل فردي بالكتابة والقراءة بصوت مسموع دون تسجيل.,رُوجع فرديًا وتراكميًا (a2-03-v2): 10 أسئلة موضوعية (8 تمارين مصدرية) ومهمتا أداء P01/P02 بعتبة 80% وتحقق ذاتي محلي؛ الأصول الصوتية (4 أصول / 10 مقاطع) بحالة ready (معتمدة في مسار A0–B1.8 دون ادعاء مراجعة سمعية بشرية).,2,ready,10,ready
DL-A2-04-G01,A2,4,a2-04-office-phone-appointments,المكتب والهاتف والمواعيد,content/A2/lesson-04-office-phone-appointments.md,A2.4 — المكتب والهاتف والمواعيد,true,true,true,أستطيع أن أطلب موعدًا هاتفيًا، وأفهم رسالة عمل، وأسأل سؤالًا غير مباشر بأدب.,استماع، محادثة هاتفية، قراءة بريد إلكتروني، قواعد,30,8,DL-A2-04-T01;DL-A2-04-T02;DL-A2-04-T03;DL-A2-04-T04;DL-A2-04-T05;DL-A2-04-T06;DL-A2-04-T07;DL-A2-04-T08,تمرين 1 — اختر العبارة المناسبة | تمرين 2 — أكمل بـ ob أو wann | تمرين 3 — حوّل السؤال المباشر إلى غير مباشر | تمرين 4 — ضع الفعل في نهاية السؤال غير المباشر | تمرين 5 — قراءة البريد | تمرين 6 — فهم الاستماع | تمرين 7 — أصلح ترتيب الفعل | تمرين 8 — مكالمة ورسالة لتغيير الموعد,10,true,1,0,1,1,oral_option_with_solo_written_read_aloud_alternative,رُوجع في a2-04-v2: يربط التمرين الختامي (DL-A2-04-T01;DL-A2-04-T02;DL-A2-04-T03;DL-A2-04-T04;DL-A2-04-T05;DL-A2-04-T06;DL-A2-04-T07;DL-A2-04-T08) ومهمتا الأداء P01/P02 بين الإنتاج الكتابي والأداء الشفهي مع بديل فردي بالكتابة والقراءة بصوت مسموع دون تسجيل.,رُوجع فرديًا وتراكميًا (a2-04-v2): 10 أسئلة موضوعية (8 تمارين مصدرية) ومهمتا أداء P01/P02 بعتبة 80% وتحقق ذاتي محلي؛ الأصول الصوتية (4 أصول / 10 مقاطع) بحالة ready (معتمدة في مسار A0–B1.8 دون ادعاء مراجعة سمعية بشرية).,2,ready,10,ready
DL-A2-05-G01,A2,5,a2-05-training-routine-wenn,الروتين والتدريب المهني وجمل wenn,content/A2/lesson-05-training-routine-wenn.md,A2.5 — الروتين والتدريب المهني وجمل wenn,true,true,true,أستطيع أن أصف يومي الدراسي أو المهني، وأربط نشاطًا بشرط أو وقت متكرر.,قراءة، استماع، قواعد، وصف جدول أسبوعي,30,8,DL-A2-05-T01;DL-A2-05-T02;DL-A2-05-T03;DL-A2-05-T04;DL-A2-05-T05;DL-A2-05-T06;DL-A2-05-T07;DL-A2-05-T08,تمرين 1 — اختر المفردة المناسبة | تمرين 2 — أكمل بـ wenn | تمرين 3 — ضع الفعل المصرف في نهاية جملة wenn | تمرين 4 — رتّب الكلمات | تمرين 5 — فهم القراءة | تمرين 6 — فهم الاستماع | تمرين 7 — اربط المواقف ثم صغها مع wenn | تمرين 8 — P01: اكتب جدولًا خياليًا,10,true,1,1,1,0,oral_option_with_solo_written_read_aloud_alternative,رُوجع في a2-05-v2: يربط التمرين الختامي (DL-A2-05-T01;DL-A2-05-T02;DL-A2-05-T03;DL-A2-05-T04;DL-A2-05-T05;DL-A2-05-T06;DL-A2-05-T07;DL-A2-05-T08) ومهمتا الأداء P01/P02 بين الإنتاج الكتابي والأداء الشفهي مع بديل فردي بالكتابة والقراءة بصوت مسموع دون تسجيل.,رُوجع فرديًا وتراكميًا (a2-05-v2): 10 أسئلة موضوعية (8 تمارين مصدرية) ومهمتا أداء P01/P02 بعتبة 80% وتحقق ذاتي محلي؛ الأصول الصوتية (5 أصول / 10 مقاطع) بحالة ready (معتمدة في مسار A0–B1.8 دون ادعاء مراجعة سمعية بشرية).,2,ready,10,ready
DL-A2-06-G01,A2,6,a2-06-family-happiness-gifts,الأسرة والمشاعر والدعوات والهدايا,content/A2/lesson-06-family-happiness-gifts.md,A2.6 — الأسرة والمشاعر والدعوات والهدايا,true,true,true,أستطيع أن أتحدث عن مناسبة عائلية ومشاعري، وأن أنقل فكرة باستخدام جملة dass.,مفردات، قراءة، استماع، محادثة، قواعد,30,8,DL-A2-06-T01;DL-A2-06-T02;DL-A2-06-T03;DL-A2-06-T04;DL-A2-06-T05;DL-A2-06-T06;DL-A2-06-T07;DL-A2-06-T08,تمرين 1 — اختر المفردة المناسبة | تمرين 2 — أضف dass في المكان المناسب | تمرين 3 — أكمل الفعل أو رتّب الفعلين في التابعة | تمرين 4 — ادمج الجمل باستخدام dass | تمرين 5 — فهم القراءة | تمرين 6 — فهم الاستماع | تمرين 7 — رتّب الجمل وميّز صيغة التطلع | تمرين 8 — وصف مناسبة ودعوة,10,true,1,1,1,0,oral_option_with_solo_written_read_aloud_alternative,رُوجع في a2-06-v2: يربط التمرين الختامي (DL-A2-06-T01;DL-A2-06-T02;DL-A2-06-T03;DL-A2-06-T04;DL-A2-06-T05;DL-A2-06-T06;DL-A2-06-T07;DL-A2-06-T08) ومهمتا الأداء P01/P02 بين الإنتاج الكتابي والأداء الشفهي مع بديل فردي بالكتابة والقراءة بصوت مسموع دون تسجيل.,رُوجع فرديًا وتراكميًا (a2-06-v2): 10 أسئلة موضوعية (8 تمارين مصدرية) ومهمتا أداء P01/P02 بعتبة 80% وتحقق ذاتي محلي؛ الأصول الصوتية (5 أصول / 10 مقاطع) بحالة ready (معتمدة في مسار A0–B1.8 دون ادعاء مراجعة سمعية بشرية).,2,ready,10,ready
DL-A2-07-G01,A2,7,a2-07-language-learning-travel-purpose,تعلّم اللغات والسفر والغاية بـum … zu,content/A2/lesson-07-language-learning-travel-purpose.md,A2.7 — تعلّم اللغات والسفر والغاية بـum … zu,true,true,true,أستطيع أن أشرح لماذا أتعلم لغة أو أسافر، وأذكر هدفًا باستخدام um … zu.,مفردات، قراءة، استماع، قواعد، تخطيط رحلة,30,8,DL-A2-07-T01;DL-A2-07-T02;DL-A2-07-T03;DL-A2-07-T04;DL-A2-07-T05;DL-A2-07-T06;DL-A2-07-T07;DL-A2-07-T08,تمرين 1 — صِل الفعل بالغاية | تمرين 2 — أكمل بـum … zu | تمرين 3 — حوّل إلى تركيب الغاية | تمرين 4 — اختر المصدر الصحيح | تمرين 5 — فهم القراءة | تمرين 6 — فهم الاستماع | تمرين 7 — الفاعل والفاصلة | تمرين 8 — خطّط لهدف,10,true,1,1,1,0,oral_option_with_solo_written_read_aloud_alternative,رُوجع في a2-07-v2: يربط التمرين الختامي (DL-A2-07-T01;DL-A2-07-T02;DL-A2-07-T03;DL-A2-07-T04;DL-A2-07-T05;DL-A2-07-T06;DL-A2-07-T07;DL-A2-07-T08) ومهمتا الأداء P01/P02 بين الإنتاج الكتابي والأداء الشفهي مع بديل فردي بالكتابة والقراءة بصوت مسموع دون تسجيل.,رُوجع فرديًا وتراكميًا (a2-07-v2): 10 أسئلة موضوعية (8 تمارين مصدرية) ومهمتا أداء P01/P02 بعتبة 80% وتحقق ذاتي محلي؛ الأصول الصوتية (4 أصول / 10 مقاطع) بحالة ready (معتمدة في مسار A0–B1.8 دون ادعاء مراجعة سمعية بشرية).,2,ready,10,ready
DL-A2-08-G01,A2,8,a2-08-media-news-passive,الإعلام والأخبار والسياسة: المبني للمجهول,content/A2/lesson-08-media-news-passive.md,A2.8 — الإعلام والأخبار والسياسة: المبني للمجهول,true,true,true,أستطيع أن أفهم خبرًا قصيرًا، وأصف ما يحدث باستخدام المبني للمجهول في المضارع.,مفردات، قراءة أخبار، استماع، قواعد، كتابة,30,8,DL-A2-08-T01;DL-A2-08-T02;DL-A2-08-T03;DL-A2-08-T04;DL-A2-08-T05;DL-A2-08-T06;DL-A2-08-T07;DL-A2-08-T08,تمرين 1 — صرّف werden | تمرين 2 — أكمل Partizip II | تمرين 3 — حوّل إلى المبني للمجهول | تمرين 4 — اختر صيغة الحدث في المضارع | تمرين 5 — فهم القراءة | تمرين 6 — فهم الاستماع | تمرين 7 — ميّز المبني للمعلوم والمجهول | تمرين 8 — اكتب خبرًا قصيرًا,10,true,0,1,1,0,oral_option_with_solo_written_read_aloud_alternative,رُوجع في a2-08-v2: يربط التمرين الختامي (DL-A2-08-T01;DL-A2-08-T02;DL-A2-08-T03;DL-A2-08-T04;DL-A2-08-T05;DL-A2-08-T06;DL-A2-08-T07;DL-A2-08-T08) ومهمتا الأداء P01/P02 بين الإنتاج الكتابي والأداء الشفهي مع بديل فردي بالكتابة والقراءة بصوت مسموع دون تسجيل.,رُوجع فرديًا وتراكميًا (a2-08-v2): 10 أسئلة موضوعية (8 تمارين مصدرية) ومهمتا أداء P01/P02 بعتبة 80% وتحقق ذاتي محلي؛ الأصول الصوتية (4 أصول / 10 مقاطع) بحالة ready (معتمدة في مسار A0–B1.8 دون ادعاء مراجعة سمعية بشرية).,2,ready,10,ready
DL-A2-09-G01,A2,9,a2-09-products-technology-complaints,المنتجات والتقنية وتقديم شكوى,content/A2/lesson-09-products-technology-complaints.md,A2.9 — المنتجات والتقنية وتقديم شكوى,true,true,true,أستطيع أن أصف مشكلة في جهاز أو منتج، وأطلب المساعدة بأدب.,مفردات، قراءة رسالة، استماع، محادثة، قواعد,30,8,DL-A2-09-T01;DL-A2-09-T02;DL-A2-09-T03;DL-A2-09-T04;DL-A2-09-T05;DL-A2-09-T06;DL-A2-09-T07;DL-A2-09-T08,تمرين 1 — اختر الكلمة المناسبة | تمرين 2 — أكمل بصيغة könnte المناسبة | تمرين 3 — ضع المصدر في نهاية السؤال | تمرين 4 — ميّز طلب الزبونة وردّ الموظف | تمرين 5 — فهم الرسالة | تمرين 6 — فهم الاستماع | تمرين 7 — رتّب الكلمات | تمرين 8 — اكتب شكوى قصيرة,10,true,1,0,1,1,oral_option_with_solo_written_read_aloud_alternative,رُوجع في a2-09-v2: يربط التمرين الختامي (DL-A2-09-T01;DL-A2-09-T02;DL-A2-09-T03;DL-A2-09-T04;DL-A2-09-T05;DL-A2-09-T06;DL-A2-09-T07;DL-A2-09-T08) ومهمتا الأداء P01/P02 بين الإنتاج الكتابي والأداء الشفهي مع بديل فردي بالكتابة والقراءة بصوت مسموع دون تسجيل.,رُوجع فرديًا وتراكميًا (a2-09-v2): 10 أسئلة موضوعية (8 تمارين مصدرية) ومهمتا أداء P01/P02 بعتبة 80% وتحقق ذاتي محلي؛ الأصول الصوتية (4 أصول / 10 مقاطع) بحالة ready (معتمدة في مسار A0–B1.8 دون ادعاء مراجعة سمعية بشرية).,2,ready,10,ready
DL-A2-10-G01,A2,10,a2-10-sports-health-feelings-weil,الرياضة والصحة والمشاعر وجملة weil,content/A2/lesson-10-sports-health-feelings-weil.md,A2.10 — الرياضة والصحة والمشاعر وجملة weil,true,true,true,أستطيع أن أتحدث عن نشاط رياضي وشعوري، وأشرح السبب باستخدام weil.,مفردات، قراءة، استماع، قواعد، محادثة,30,8,DL-A2-10-T01;DL-A2-10-T02;DL-A2-10-T03;DL-A2-10-T04;DL-A2-10-T05;DL-A2-10-T06;DL-A2-10-T07;DL-A2-10-T08,تمرين 1 — اختر المفردة المناسبة | تمرين 2 — ضع الفعل في نهاية جملة weil | تمرين 3 — أكمل بـweil أو denn | تمرين 4 — رتّب الكلمات | تمرين 5 — فهم القراءة | تمرين 6 — فهم الاستماع | تمرين 7 — أكمل من عندك | تمرين 8 — تحدث/كتابة,10,true,1,1,1,0,oral_option_with_solo_written_read_aloud_alternative,رُوجع في a2-10-v2: يربط التمرين الختامي (DL-A2-10-T01;DL-A2-10-T02;DL-A2-10-T03;DL-A2-10-T04;DL-A2-10-T05;DL-A2-10-T06;DL-A2-10-T07;DL-A2-10-T08) ومهمتا الأداء P01/P02 بين الإنتاج الكتابي والأداء الشفهي مع بديل فردي بالكتابة والقراءة بصوت مسموع دون تسجيل.,رُوجع فرديًا وتراكميًا (a2-10-v2): 10 أسئلة موضوعية (8 تمارين مصدرية) ومهمتا أداء P01/P02 بعتبة 80% وتحقق ذاتي محلي؛ الأصول الصوتية (5 أصول / 10 مقاطع) بحالة ready (معتمدة في مسار A0–B1.8 دون ادعاء مراجعة سمعية بشرية).,2,ready,10,ready
DL-A2-11-G01,A2,11,a2-11-housing-neighborhood-wohin,المدن والسكن والجيران: Wo أم Wohin؟,content/A2/lesson-11-housing-neighborhood-wohin.md,A2.11 — المدن والسكن والجيران: Wo أم Wohin؟,true,true,true,أستطيع أن أصف مكان الأثاث وأسأل إلى أين يوضع، وأتحدث عن الحيّ والجيران.,مفردات، قراءة، استماع، قواعد، وصف غرفة,30,8,DL-A2-11-T01;DL-A2-11-T02;DL-A2-11-T03;DL-A2-11-T04;DL-A2-11-T05;DL-A2-11-T06;DL-A2-11-T07;DL-A2-11-T08,تمرين 1 — أكمل بـWo أو Wohin | تمرين 2 — اختر الأداة المناسبة | تمرين 3 — اختر الفعل المناسب | تمرين 4 — رتّب الكلمات | تمرين 5 — فهم القراءة | تمرين 6 — فهم الاستماع | تمرين 7 — اختر العبارة المهذبة | تمرين 8 — صِف غرفة,10,true,1,1,1,0,oral_option_with_solo_written_read_aloud_alternative,رُوجع في a2-11-v2: يربط التمرين الختامي (DL-A2-11-T01;DL-A2-11-T02;DL-A2-11-T03;DL-A2-11-T04;DL-A2-11-T05;DL-A2-11-T06;DL-A2-11-T07;DL-A2-11-T08) ومهمتا الأداء P01/P02 بين الإنتاج الكتابي والأداء الشفهي مع بديل فردي بالكتابة والقراءة بصوت مسموع دون تسجيل.,رُوجع فرديًا وتراكميًا (a2-11-v2): 10 أسئلة موضوعية (8 تمارين مصدرية) ومهمتا أداء P01/P02 بعتبة 80% وتحقق ذاتي محلي؛ الأصول الصوتية (5 أصول / 10 مقاطع) بحالة ready (معتمدة في مسار A0–B1.8 دون ادعاء مراجعة سمعية بشرية).,2,ready,10,ready
DL-A2-12-G01,A2,12,a2-12-holidays-festivals-culture,العطلات والمهرجانات والثقافة,content/A2/lesson-12-holidays-festivals-culture.md,A2.12 — العطلات والمهرجانات والثقافة,true,true,true,أستطيع أن أفهم برنامج مناسبة ثقافية، وأصف ترتيب أنشطتها باستخدام bevor وnachdem.,قراءة، استماع، تخطيط، قواعد، كتابة,30,8,DL-A2-12-T01;DL-A2-12-T02;DL-A2-12-T03;DL-A2-12-T04;DL-A2-12-T05;DL-A2-12-T06;DL-A2-12-T07;DL-A2-12-T08,تمرين 1 — اختر الكلمة المناسبة | تمرين 2 — أكمل الرابط أو صيغة الفعل | تمرين 3 — ضع الفعل في نهاية الجملة التابعة | تمرين 4 — رتّب الكلمات | تمرين 5 — فهم القراءة | تمرين 6 — فهم الاستماع | تمرين 7 — اربط النشاط بترتيبه | تمرين 8 — خطّط عطلة ثقافية,10,true,1,1,1,0,oral_option_with_solo_written_read_aloud_alternative,رُوجع في a2-12-v2: يربط التمرين الختامي (DL-A2-12-T01;DL-A2-12-T02;DL-A2-12-T03;DL-A2-12-T04;DL-A2-12-T05;DL-A2-12-T06;DL-A2-12-T07;DL-A2-12-T08) ومهمتا الأداء P01/P02 بين الإنتاج الكتابي والأداء الشفهي مع بديل فردي بالكتابة والقراءة بصوت مسموع دون تسجيل.,رُوجع فرديًا وتراكميًا (a2-12-v2): 10 أسئلة موضوعية (8 تمارين مصدرية) ومهمتا أداء P01/P02 بعتبة 80% وتحقق ذاتي محلي؛ الأصول الصوتية (4 أصول / 10 مقاطع) بحالة ready (معتمدة في مسار A0–B1.8 دون ادعاء مراجعة سمعية بشرية).,2,ready,10,ready
DL-B1-01-G01,B1,1,b1-01-daily-life-hobbies-experiences,الحياة اليومية والهوايات والتجارب: als وwenn,content/B1/lesson-01-daily-life-hobbies-experiences.md,B1.1 — الحياة اليومية والهوايات والتجارب: als وwenn,true,true,true,أستطيع أن أحكي عن تجربة سابقة وأميّز بين حدث وقع مرة واحدة وعادة تكررت.,قراءة، استماع، سرد تجربة، قواعد، كتابة,30,8,DL-B1-01-T01;DL-B1-01-T02;DL-B1-01-T03;DL-B1-01-T04;DL-B1-01-T05;DL-B1-01-T06;DL-B1-01-T07;DL-B1-01-T08,تمرين 1 — اختر als أو wenn | تمرين 2 — أكمل الفعل في نهاية الجملة التابعة | تمرين 3 — رتّب الكلمات | تمرين 4 — اختر المعنى المناسب | تمرين 5 — فهم القراءة | تمرين 6 — فهم الاستماع | تمرين 7 — أصلح اختيار الرابط | تمرين 8 — فقرة وحوار عن تجربة,10,true,2,1,1,0,oral_option_with_solo_written_read_aloud_alternative,رُوجع في b1-01-v2: يربط التمرين الختامي (DL-B1-01-T01;DL-B1-01-T02;DL-B1-01-T03;DL-B1-01-T04;DL-B1-01-T05;DL-B1-01-T06;DL-B1-01-T07;DL-B1-01-T08) ومهمتا الأداء P01/P02 بين الإنتاج الكتابي والأداء الشفهي مع بديل فردي بالكتابة والقراءة بصوت مسموع دون تسجيل.,رُوجع فرديًا وتراكميًا (b1-01-v2): 10 أسئلة موضوعية (8 تمارين مصدرية) ومهمتا أداء P01/P02 بعتبة 80% وتحقق ذاتي محلي؛ الأصول الصوتية (5 أصول / 10 مقاطع) بحالة ready (معتمدة في مسار A0–B1.8 دون ادعاء مراجعة سمعية بشرية).,2,ready,10,ready
DL-B1-02-G01,B1,2,b1-02-food-habits-obwohl,الطعام والعادات الغذائية: obwohl وtrotzdem,content/B1/lesson-02-food-habits-obwohl.md,B1.2 — الطعام والعادات الغذائية: obwohl وtrotzdem,true,true,true,أستطيع أن أصف عاداتي الغذائية وأعبّر عن التباين أو المفاجأة.,قراءة، استماع، قواعد، مناقشة العادات، كتابة,30,8,DL-B1-02-T01;DL-B1-02-T02;DL-B1-02-T03;DL-B1-02-T04;DL-B1-02-T05;DL-B1-02-T06;DL-B1-02-T07;DL-B1-02-T08,تمرين 1 — اختر المفردة المناسبة | تمرين 2 — أكمل بـobwohl أو trotzdem | تمرين 3 — ضع الفعل في المكان الصحيح | تمرين 4 — رتّب الجمل | تمرين 5 — فهم القراءة | تمرين 6 — فهم الاستماع | تمرين 7 — حوّل إلى obwohl | تمرين 8 — فقرة وحوار مع الجهر,10,true,2,1,1,0,oral_option_with_solo_written_read_aloud_alternative,رُوجع في b1-02-v2: يربط التمرين الختامي (DL-B1-02-T01;DL-B1-02-T02;DL-B1-02-T03;DL-B1-02-T04;DL-B1-02-T05;DL-B1-02-T06;DL-B1-02-T07;DL-B1-02-T08) ومهمتا الأداء P01/P02 بين الإنتاج الكتابي والأداء الشفهي مع بديل فردي بالكتابة والقراءة بصوت مسموع دون تسجيل.,رُوجع فرديًا وتراكميًا (b1-02-v2): 10 أسئلة موضوعية (8 تمارين مصدرية) ومهمتا أداء P01/P02 بعتبة 80% وتحقق ذاتي محلي؛ الأصول الصوتية (5 أصول / 10 مقاطع) بحالة ready (معتمدة في مسار A0–B1.8 دون ادعاء مراجعة سمعية بشرية).,2,ready,10,ready
DL-B1-03-G01,B1,3,b1-03-work-communication-konjunktiv,المهنة والتواصل في مكان العمل: اقتراحات مهذبة,content/B1/lesson-03-work-communication-konjunktiv.md,B1.3 — المهنة والتواصل في مكان العمل: اقتراحات مهذبة,true,true,true,أستطيع أن أصف مهاراتي، وأقدّم اقتراحًا مهنيًا أو أعبّر عن رغبة بصيغة مهذبة.,قراءة إعلان، استماع، اجتماع، كتابة مهنية، قواعد,30,8,DL-B1-03-T01;DL-B1-03-T02;DL-B1-03-T03;DL-B1-03-T04;DL-B1-03-T05;DL-B1-03-T06;DL-B1-03-T07;DL-B1-03-T08,تمرين 1 — اختر المفردة المناسبة | تمرين 2 — أكمل صيغة würde | تمرين 3 — ضع المصدر في نهاية الجملة | تمرين 4 — أعد صياغة الاقتراح بأدب | تمرين 5 — فهم الإعلان | تمرين 6 — فهم الاستماع | تمرين 7 — رتّب الجملة | تمرين 8 — رسالة مكتوبة ومحاكاة اجتماع,10,true,1,0,1,1,oral_option_with_solo_written_read_aloud_alternative,رُوجع في b1-03-v2: يربط التمرين الختامي (DL-B1-03-T01;DL-B1-03-T02;DL-B1-03-T03;DL-B1-03-T04;DL-B1-03-T05;DL-B1-03-T06;DL-B1-03-T07;DL-B1-03-T08) ومهمتا الأداء P01/P02 بين الإنتاج الكتابي والأداء الشفهي مع بديل فردي بالكتابة والقراءة بصوت مسموع دون تسجيل.,رُوجع فرديًا وتراكميًا (b1-03-v2): 10 أسئلة موضوعية (8 تمارين مصدرية) ومهمتا أداء P01/P02 بعتبة 80% وتحقق ذاتي محلي؛ الأصول الصوتية (4 أصول / 10 مقاطع) بحالة ready (معتمدة في مسار A0–B1.8 دون ادعاء مراجعة سمعية بشرية).,2,ready,10,ready
DL-B1-04-G01,B1,4,b1-04-continuing-education-damit,التعلّم والتعليم المستمر: damit و um … zu,content/B1/lesson-04-continuing-education-damit.md,B1.4 — التعلّم والتعليم المستمر: damit و um … zu,true,true,true,أستطيع أن أشرح هدف دورة أو خطة تعلّم، وأختار بين damit وum … zu.,قراءة، استماع، قواعد، تخطيط تعلّم، كتابة,30,8,DL-B1-04-T01;DL-B1-04-T02;DL-B1-04-T03;DL-B1-04-T04;DL-B1-04-T05;DL-B1-04-T06;DL-B1-04-T07;DL-B1-04-T08,تمرين 1 — أكمل الرابط ثم اختر المفردة | تمرين 2 — أكمل الجملة بالفعل المناسب في النهاية | تمرين 3 — اربط الهدف بالتركيب المناسب | تمرين 4 — حوّل الجملة حسب الفاعل | تمرين 5 — فهم القراءة | تمرين 6 — فهم الاستماع | تمرين 7 — اختر الفاعل | تمرين 8 — خطة مكتوبة وحوار مع الجهر,10,true,2,1,1,0,oral_option_with_solo_written_read_aloud_alternative,رُوجع في b1-04-v2: يربط التمرين الختامي (DL-B1-04-T01;DL-B1-04-T02;DL-B1-04-T03;DL-B1-04-T04;DL-B1-04-T05;DL-B1-04-T06;DL-B1-04-T07;DL-B1-04-T08) ومهمتا الأداء P01/P02 بين الإنتاج الكتابي والأداء الشفهي مع بديل فردي بالكتابة والقراءة بصوت مسموع دون تسجيل.,رُوجع فرديًا وتراكميًا (b1-04-v2): 10 أسئلة موضوعية (8 تمارين مصدرية) ومهمتا أداء P01/P02 بعتبة 80% وتحقق ذاتي محلي؛ الأصول الصوتية (5 أصول / 10 مقاطع) بحالة ready (معتمدة في مسار A0–B1.8 دون ادعاء مراجعة سمعية بشرية).,2,ready,10,ready
DL-B1-05-G01,B1,5,b1-05-cities-relative-clauses,المدن ووصف الأماكن: الجمل الموصولة في Nominativ و Akkusativ,content/B1/lesson-05-cities-relative-clauses.md,B1.5 — المدن ووصف الأماكن: الجمل الموصولة في Nominativ و Akkusativ,true,true,true,أستطيع أن أصف مدينة أو حيًّا بجمل موصولة، وأميّز ضمير الوصل في حالتي الرفع والنصب.,قراءة، استماع، وصف مكان، قواعد، كتابة وتحدث,30,8,DL-B1-05-T01;DL-B1-05-T02;DL-B1-05-T03;DL-B1-05-T04;DL-B1-05-T05;DL-B1-05-T06;DL-B1-05-T07;DL-B1-05-T08,تمرين 1 — اختر المفردة المناسبة | تمرين 2 — أكمل بضمير الوصل المناسب | تمرين 3 — اربط الجملتين بجملة موصولة | تمرين 4 — رتّب الكلمات وأضف الفاصلتين | تمرين 5 — فهم القراءة | تمرين 6 — فهم الاستماع | تمرين 7 — حدّد حالة ضمير الوصل | تمرين 8 — وصف مكتوب وحوار مع الجهر,10,true,2,1,1,0,oral_option_with_solo_written_alternative,T08 يطلب وصفًا من خمس جمل مكتوبًا أو شفهيًا؛ البديل الفردي كتابة الوصف وقراءته بصوت واضح. لا يلزم التسجيل.,رُوجع فرديًا وتراكميًا (b1-05-v2): 10 أسئلة موضوعية (8 تمارين مصدرية) ومهمتا أداء P01/P02 بعتبة 80% وتحقق ذاتي محلي؛ الأصول الصوتية (5 أصول / 10 مقاطع) بحالة ready (معتمدة في مسار A0–B1.8 دون ادعاء مراجعة سمعية بشرية).,2,ready,10,ready
DL-B1-06-G01,B1,6,b1-06-health-fitness-advice,الصحة واللياقة وتقديم النصيحة: sollte و könnte,content/B1/lesson-06-health-fitness-advice.md,B1.6 — الصحة واللياقة وتقديم النصيحة: sollte و könnte,true,true,true,أستطيع أن أقدّم نصيحة عامة بلطف، وأميّز بين sollte للتوصية وkönnte لاقتراح خيار.,قراءة، استماع، قواعد، حوار، كتابة نصيحة عامة,30,8,DL-B1-06-T01;DL-B1-06-T02;DL-B1-06-T03;DL-B1-06-T04;DL-B1-06-T05;DL-B1-06-T06;DL-B1-06-T07;DL-B1-06-T08,تمرين 1 — اختر المفردة المناسبة | تمرين 2 — أكمل صيغة sollte أو könnte | تمرين 3 — رتّب الكلمات | تمرين 4 — اختر الصيغة الأنسب للموقف | تمرين 5 — فهم القراءة | تمرين 6 — فهم الاستماع | تمرين 7 — حوّل الأمر إلى نصيحة ألطف | تمرين 8 — نصيحة مكتوبة وحوار مع الجهر,10,true,2,1,1,0,oral_option_with_solo_written_alternative,تمرين T08 والتقييم يتيحان كتابة النصائح أو تقديمها شفهيًا؛ المتعلم منفردًا يكتبها ويقرأها بصوت واضح. لا يلزم التسجيل.,رُوجع فرديًا وتراكميًا (b1-06-v2): 10 أسئلة موضوعية (8 تمارين مصدرية) ومهمتا أداء P01/P02 بعتبة 80% وتحقق ذاتي محلي؛ الأصول الصوتية (5 أصول / 10 مقاطع) بحالة ready (معتمدة في مسار A0–B1.8 دون ادعاء مراجعة سمعية بشرية).,2,ready,10,ready
DL-B1-07-G01,B1,7,b1-07-lifestyles-customs-cultures,أساليب الحياة والعادات والثقافات: الروابط الثنائية,content/B1/lesson-07-lifestyles-customs-cultures.md,B1.7 — أساليب الحياة والعادات والثقافات: الروابط الثنائية,true,true,true,أستطيع أن أقارن عادات لأشخاص أو مجموعة محددة، وأحافظ على توازي عناصرها باستخدام الروابط الثنائية sowohl … als auch وnicht nur … sondern auch وentweder … oder وweder … noch، من دون تعميم ثقافي.,قراءة، استماع، قواعد، مقارنة عادات، كتابة وتقديم شفهي,30,8,DL-B1-07-T01;DL-B1-07-T02;DL-B1-07-T03;DL-B1-07-T04;DL-B1-07-T05;DL-B1-07-T06;DL-B1-07-T07;DL-B1-07-T08,تمرين 1 — صِل التركيب ثم اختر معنى العبارة | تمرين 2 — أكمل أجزاء الرابط أو الفعل | تمرين 3 — أكمل الرابط بحسب المقصد | تمرين 4 — رتّب الكلمات وأضف الترقيم | تمرين 5 — فهم القراءة | تمرين 6 — فهم الاستماع | تمرين 7 — ادمج الجمل باستخدام الرابط المحدد | تمرين 8 — مقارنة مكتوبة وحوار مع الجهر,10,true,2,1,1,0,oral_option_with_solo_written_alternative,T08 يقبل صراحةً الكتابة أو التقديم الشفهي؛ والمتعلم الفردي يكتب النص ويقرأه دون تسجيل.,رُوجع فرديًا وتراكميًا (b1-07-v2): 10 أسئلة موضوعية (8 تمارين مصدرية) ومهمتا أداء P01/P02 بعتبة 80% وتحقق ذاتي محلي؛ الأصول الصوتية (5 أصول / 12 مقاطع) بحالة ready (معتمدة في مسار A0–B1.8 دون ادعاء مراجعة سمعية بشرية).,2,ready,12,ready
DL-B1-08-G01,B1,8,b1-08-consumption-advertising-je-desto,المنتجات والاستهلاك والإعلان: je … desto/umso …,content/B1/lesson-08-consumption-advertising-je-desto.md,B1.8 — المنتجات والاستهلاك والإعلان: je … desto/umso …,true,true,true,أستطيع أن أقارن بين المنتجات، وأستخدم je … desto/umso … للحديث عن علاقة متدرجة بين أمرين.,قراءة إعلان، استماع، مقارنة، قواعد، كتابة وتحدث شفهي,30,8,DL-B1-08-T01;DL-B1-08-T02;DL-B1-08-T03;DL-B1-08-T04;DL-B1-08-T05;DL-B1-08-T06;DL-B1-08-T07;DL-B1-08-T08,تمرين 1 — اختر المفردة المناسبة | تمرين 2 — أكمل بصيغة المقارنة المناسبة | تمرين 3 — صرّف الفعل في الحاضر | تمرين 4 — ادمج الجملتين باستخدام je … desto | تمرين 5 — فهم القراءة | تمرين 6 — فهم الاستماع | تمرين 7 — ميّز بين المعلومة والعبارة الإعلانية | تمرين 8 — مقارنة مكتوبة وتوصية مع الجهر,10,true,1,1,1,0,oral_option_with_solo_written_alternative,T08 يتيح المقارنة كتابةً أو شفهيًا؛ والمتعلم الفردي يكتبها ثم يقرأها بصوت واضح دون تسجيل.,رُوجع فرديًا وتراكميًا (b1-08-v2): 10 أسئلة موضوعية (8 تمارين مصدرية) ومهمتا أداء P01/P02 بعتبة 80% وتحقق ذاتي محلي؛ الأصول الصوتية (5 أصول / 10 مقاطع) بحالة ready (معتمدة في مسار A0–B1.8 دون ادعاء مراجعة سمعية بشرية).,2,ready,10,ready
DL-B1-09-G01,B1,9,b1-09-travel-transport-environment,السفر والنقل والبيئة: bevor وnachdem وwährend,content/B1/lesson-09-travel-transport-environment.md,B1.9 — السفر والنقل والبيئة: bevor وnachdem وwährend,true,true,true,أستطيع أن أصف ترتيب أحداث رحلة باستخدام bevor وnachdem وwährend، وأتحدث عن خيارات النقل.,قراءة، استماع، تخطيط رحلة، قواعد، كتابة وتحدث شفهي,30,8,DL-B1-09-T01;DL-B1-09-T02;DL-B1-09-T03;DL-B1-09-T04;DL-B1-09-T05;DL-B1-09-T06;DL-B1-09-T07;DL-B1-09-T08,تمرين 1 — اختر المفردة المناسبة | تمرين 2 — أكمل بالرابط المناسب: bevor أو nachdem أو während | تمرين 3 — صرّف الفعل أو المساعد في الفراغ | تمرين 4 — اربط الجملتين بالرابط المحدد | تمرين 5 — فهم القراءة | تمرين 6 — فهم الاستماع | تمرين 7 — اربط بحسب الزمن والترتيب المحددين | تمرين 8 — خطة مكتوبة وبديل مع الجهر,10,true,1,1,1,0,oral_option_with_solo_written_alternative,T08 يتيح كتابة خطة الرحلة أو تقديمها شفهيًا؛ والبديل الفردي كتابتها وقراءتها بصوت واضح. لا يلزم التسجيل.,رُوجع فرديًا وتراكميًا (b1-09-v2): 10 أسئلة موضوعية (8 تمارين مصدرية) ومهمتا أداء P01/P02 بعتبة 80% وتحقق ذاتي محلي؛ الأصول الصوتية (5 أصول / 10 مقاطع) مولّدة ومرتبطة بالدرس بحالة generated_pending_acoustic_review بانتظار المراجعة السمعية.,2,ready,10,generated_pending_acoustic_review
DL-B1-10-G01,B1,10,b1-10-media-news-formal-communication,الإعلام والأخبار والتواصل الرسمي: الأسئلة غير المباشرة,content/B1/lesson-10-media-news-formal-communication.md,B1.10 — الإعلام والأخبار والتواصل الرسمي: الأسئلة غير المباشرة,true,true,true,أستطيع أن أطرح سؤالًا غير مباشر بأدب باستخدام ob أو أداة استفهام مثل wann / wo / welche.,قراءة رسالة، استماع، قواعد، تواصل رسمي، كتابة وتحدث شفهي,30,8,DL-B1-10-T01;DL-B1-10-T02;DL-B1-10-T03;DL-B1-10-T04;DL-B1-10-T05;DL-B1-10-T06;DL-B1-10-T07;DL-B1-10-T08,تمرين 1 — ميّز السؤال المباشر من غير المباشر | تمرين 2 — أكمل بـob أو أداة السؤال المناسبة | تمرين 3 — صرّف الفعل في الموضع المحدد | تمرين 4 — حوّل إلى سؤال غير مباشر مهذب | تمرين 5 — فهم الرسالة | تمرين 6 — فهم الاستماع | تمرين 7 — اختر علامة الترقيم المناسبة: نقطة أم استفهام؟ | تمرين 8 — رسالة مكتوبة ونص اتصال مع الجهر,10,true,1,0,1,1,oral_option_with_solo_written_alternative,T08 يتيح رسالة رسمية مكتوبة أو استفسارًا شفهيًا بصيغة اتصال تمثيلي؛ والمتعلم الفردي يكتب النص ويقرأه بصوت واضح دون تسجيل.,رُوجع فرديًا وتراكميًا (b1-10-v2): 10 أسئلة موضوعية (8 تمارين مصدرية) ومهمتا أداء P01/P02 بعتبة 80% وتحقق ذاتي محلي؛ الأصول الصوتية (5 أصول / 12 مقاطع) مولّدة ومرتبطة بالدرس بحالة generated_pending_acoustic_review بانتظار المراجعة السمعية.,2,ready,12,generated_pending_acoustic_review
DL-B1-11-G01,B1,11,b1-11-history-politics-passive-past,التاريخ والسياسة: المبني للمجهول في Präteritum,content/B1/lesson-11-history-politics-passive-past.md,B1.11 — التاريخ والسياسة: المبني للمجهول في Präteritum,true,true,true,أستطيع أن أسرد أحداثًا تاريخية أو مدنية بصيغة المبني للمجهول في الماضي.,قراءة خطّ زمني، استماع، قواعد، مفردات مدنية، كتابة وتحدث شفهي,30,8,DL-B1-11-T01;DL-B1-11-T02;DL-B1-11-T03;DL-B1-11-T04;DL-B1-11-T05;DL-B1-11-T06;DL-B1-11-T07;DL-B1-11-T08,تمرين 1 — اختر wurde أو wurden | تمرين 2 — أكمل Partizip II | تمرين 3 — حوّل إلى المبني للمجهول في الماضي | تمرين 4 — اختر الصيغة المناسبة | تمرين 5 — فهم القراءة | تمرين 6 — فهم الاستماع | تمرين 7 — ميّز المبني للمعلوم من المجهول | تمرين 8 — خط زمني مكتوب وتقديم معرض مع الجهر,10,true,1,1,1,0,oral_option_with_solo_written_alternative,T08 يتيح كتابة الخط الزمني أو تقديمه شفهيًا؛ وللمتعلم الفردي كتابة النص وقراءته بصوت واضح دون تسجيل.,رُوجع فرديًا وتراكميًا (b1-11-v2): 10 أسئلة موضوعية (8 تمارين مصدرية) ومهمتا أداء P01/P02 بعتبة 80% وتحقق ذاتي محلي؛ الأصول الصوتية (5 أصول / 10 مقاطع) مولّدة ومرتبطة بالدرس بحالة generated_pending_acoustic_review بانتظار المراجعة السمعية.,2,ready,10,generated_pending_acoustic_review
DL-B1-12-G01,B1,12,b1-12-innovation-research-future,الابتكار والإبداع والبحث: التوقّعات بـFutur I,content/B1/lesson-12-innovation-research-future.md,B1.12 — الابتكار والإبداع والبحث: التوقّعات بـFutur I,true,true,true,أستطيع أن أتحدث عن توقع أو خطة مستقبلية باستخدام Futur I، وأن أوضح درجة التأكد بكلمات مثل vielleicht وwahrscheinlich.,قراءة، استماع، قواعد، مفردات البحث، عرض فكرة وتحدث شفهي,30,8,DL-B1-12-T01;DL-B1-12-T02;DL-B1-12-T03;DL-B1-12-T04;DL-B1-12-T05;DL-B1-12-T06;DL-B1-12-T07;DL-B1-12-T08,تمرين 1 — اختر المفردة المناسبة | تمرين 2 — أكمل صيغة werden | تمرين 3 — ضع المصدر في نهاية الجملة | تمرين 4 — أضف كلمة التوقّع في المكان المناسب | تمرين 5 — فهم القراءة | تمرين 6 — فهم الاستماع | تمرين 7 — ميّز بين Futur I والمبني للمجهول في المضارع وPräsens للمستقبل | تمرين 8 — عرض ابتكار مكتوب وإحاطة مشروع الظل مع الجهر,10,true,1,1,1,0,oral_option_with_solo_written_alternative,T08 يتيح عرض مشروع ابتكار خيالي كتابةً أو شفهيًا؛ والمتعلم الفردي يكتب النص ويقرأه بصوت واضح دون تسجيل.,رُوجع فرديًا وتراكميًا (b1-12-v2): 10 أسئلة موضوعية (8 تمارين مصدرية) ومهمتا أداء P01/P02 بعتبة 80% وتحقق ذاتي محلي؛ الأصول الصوتية (5 أصول / 12 مقاطع) مولّدة ومرتبطة بالدرس بحالة generated_pending_acoustic_review بانتظار المراجعة السمعية.,2,ready,12,generated_pending_acoustic_review
DL-B2-01-G01,B2,1,b2-01-time-management-habits-reading,"إدارة الوقت والعادات والقراءة: indem وdadurch, dass",content/B2/lesson-01-time-management-habits-reading.md,"B2.1 — إدارة الوقت والعادات والقراءة: indem وdadurch, dass",true,true,true,"أستطيع أن أشرح طريقةً لتحسين عادة باستخدام indem أو dadurch, dass، وأذكر الغاية باستخدام um … zu، وأميّز بين الطريقة والغاية كتابةً أو شفهيًا.",قراءة مركّزة، استماع، قواعد، تنظيم المهام، كتابة وشرح شفهي,30,8,DL-B2-01-T01;DL-B2-01-T02;DL-B2-01-T03;DL-B2-01-T04;DL-B2-01-T05;DL-B2-01-T06;DL-B2-01-T07;DL-B2-01-T08,"تمرين 1 — اختر المفردة المناسبة | تمرين 2 — أكمل بـindem أو dadurch, dass | تمرين 3 — ضع الفعل في نهاية الجملة التابعة | تمرين 4 — طريقة أم غاية؟ | تمرين 5 — فهم القراءة | تمرين 6 — فهم الاستماع | تمرين 7 — ادمج الجملتين باستخدام التركيب المحدد | تمرين 8 — فقرة تحسين عادة مكتوبة وإحاطة التركيز مع الجهر",10,true,1,1,1,0,oral_option_with_solo_written_alternative,"T08 يتيح فقرة من خمس إلى سبع جمل أو شرحًا شفهيًا مماثلًا، ويشترط رابطًا للطريقة (indem أو dadurch, dass) ورابطًا للغاية (um … zu). للمتعلم الفردي: كتابة النص وقراءته بصوت واضح دون تسجيل.",رُوجع فرديًا وتراكميًا (b2-01-v2): 10 أسئلة موضوعية (8 تمارين مصدرية) ومهمتا أداء P01/P02 بعتبة 80% وتحقق ذاتي محلي؛ الأصول الصوتية (5 أصول / 12 مقاطع) مولّدة ومرتبطة بالدرس بحالة generated_pending_acoustic_review بانتظار المراجعة السمعية.,2,ready,12,generated_pending_acoustic_review
DL-B2-02-G01,B2,2,b2-02-career-formal-communication-konjunktiv1,العمل والمسار المهني والتواصل الرسمي: Konjunktiv I,content/B2/lesson-02-career-formal-communication-konjunktiv1.md,B2.2 — العمل والمسار المهني والتواصل الرسمي: Konjunktiv I,true,true,true,أستطيع أن أنقل أقوالًا ومعلومات مهنية مع نسبتها إلى مصدرها بأسلوب محايد، مستخدمًا صيغًا شائعة من Konjunktiv I (مع بديل Konjunktiv II عند تطابق الصيغة مع المضارع)، وأن أميّز بين الكلام المنقول والمعلومة أو التوصية التي أؤكدها بنفسي. هذا الدرس وتقييمه المحلي للتعلّم الذاتي ولا يمنحان شهادة رسمية لمستوى B2.,قراءة محضر، استماع، قواعد، عرض خبرة، كتابة مهنية وشرح شفهي,30,8,DL-B2-02-T01;DL-B2-02-T02;DL-B2-02-T03;DL-B2-02-T04;DL-B2-02-T05;DL-B2-02-T06;DL-B2-02-T07;DL-B2-02-T08,تمرين 1 — اختر صيغة Konjunktiv I المناسبة | تمرين 2 — حوّل الكلام المباشر إلى منقول | تمرين 3 — أكمل بصيغة الفعل المناسبة في الجملة المنقولة | تمرين 4 — ميّز بين الاقتباس والكلام المنقول | تمرين 5 — فهم الملخّص | تمرين 6 — فهم الاستماع | تمرين 7 — أكمل الملخّص بصيغة منقولة | تمرين 8 — اكتب أو قدّم ملخّصًا مهنيًا قصيرًا,10,true,1,0,1,1,oral_option_with_solo_written_read_aloud_alternative,T08 يطلب ملخصًا مهنيًا من أربع إلى ست جمل كتابةً أو شفهيًا، مع نسبة أربع معلومات إلى مصادرها؛ وللمتعلم الفردي بديل كتابة النص وقراءته بصوت واضح دون تسجيل.,رُوجع فرديًا وتراكميًا (b2-02-v2): 10 أسئلة موضوعية (8 تمارين مصدرية) ومهمتا أداء P01/P02 بعتبة 80% وتحقق ذاتي محلي؛ الأصول الصوتية (5 أصول / 11 مقاطع) مولّدة ومرتبطة بالدرس بحالة generated_pending_acoustic_review بانتظار المراجعة السمعية.,2,ready,11,generated_pending_acoustic_review
DL-B2-03-G01,B2,3,b2-03-consumption-environment-passive-modal,الاستهلاك والبدائل البيئية: المبني للمجهول مع الأفعال الناقصة,content/B2/lesson-03-consumption-environment-passive-modal.md,B2.3 — الاستهلاك والبدائل البيئية: المبني للمجهول مع الأفعال الناقصة,true,true,true,أستطيع أن أصف ما ينبغي أو يمكن أو يُوصى بفعله بالمنتجات والمواد باستخدام Passiv mit Modalverben في الجملة الرئيسية والجملة التابعة، وأن أميّز بين الإجراءات التجريبية والنتائج المثبتة. هذا الدرس وتقييمه المحلي للتعلّم الذاتي ولا يمنحان شهادة رسمية لمستوى B2.,قراءة، استماع، قواعد، تحليل خيارات استهلاك، كتابة وعرض شفهي,30,8,DL-B2-03-T01;DL-B2-03-T02;DL-B2-03-T03;DL-B2-03-T04;DL-B2-03-T05;DL-B2-03-T06;DL-B2-03-T07;DL-B2-03-T08,تمرين 1 — اختر المفردة المناسبة | تمرين 2 — أكمل الفعل الناقص أو اسم المفعول بصيغة المبني للمجهول | تمرين 3 — رتّب مكوّنات الفعل في نهاية الجملة | تمرين 4 — حوّل من المعلوم إلى المجهول مع فعل ناقص | تمرين 5 — فهم القراءة | تمرين 6 — فهم الاستماع | تمرين 7 — اختر الفعل الناقص الأنسب | تمرين 8 — اكتب أو اعرض شفهيًا إجراءً بيئيًا,10,true,1,1,1,0,oral_option_with_solo_written_read_aloud_alternative,T08 يتيح كتابة خمس جمل ألمانية على الأقل أو عرض خمس جمل مكافئة شفهيًا، مع استعمال المبني للمجهول مع فعل ناقص مرتين واقتراح خيار لإعادة الاستخدام أو الإصلاح. للمتعلم الفردي: كتابة الإجابة وقراءتها بصوت واضح دون تسجيل.,رُوجع فرديًا وتراكميًا (b2-03-v2): 10 أسئلة موضوعية (8 تمارين مصدرية) ومهمتا أداء P01/P02 بعتبة 80% وتحقق ذاتي محلي؛ الأصول الصوتية (5 أصول / 10 مقاطع) مولّدة ومرتبطة بالدرس بحالة generated_pending_acoustic_review بانتظار المراجعة السمعية.,2,ready,10,generated_pending_acoustic_review
DL-B2-04-G01,B2,4,b2-04-cities-housing-participles,المدن والمباني والسكن: Partizip I وPartizip II كصفات,content/B2/lesson-04-cities-housing-participles.md,B2.4 — المدن والمباني والسكن: Partizip I وPartizip II كصفات,true,true,true,أستطيع أن أفهم وأستخدم صفات مشتقة من Partizip I وPartizip II (Partizipialattribute) لوصف المساكن والمباني بدقة، مع مطابقة نهاية الصفة للجنس والعدد والحالة والأداة، والتمييز بين حقائق النص وأسئلة السكان. هذا الدرس وتقييمه المحلي للتعلّم الذاتي ولا يمنحان شهادة رسمية لمستوى B2.,قراءة وصفية، استماع، قواعد، وصف مبنى، كتابة وعرض شفهي,30,8,DL-B2-04-T01;DL-B2-04-T02;DL-B2-04-T03;DL-B2-04-T04;DL-B2-04-T05;DL-B2-04-T06;DL-B2-04-T07;DL-B2-04-T08,تمرين 1 — اختر المفردة المناسبة | تمرين 2 — حوّل العبارة إلى Partizip مناسب | تمرين 3 — أكمل نهاية الصفة | تمرين 4 — حدّد Partizip I أم Partizip II | تمرين 5 — فهم القراءة | تمرين 6 — فهم الاستماع | تمرين 7 — اختصر الجملة باستخدام صفة مشتقة من Partizip | تمرين 8 — اكتب أو اعرض شفهيًا وصفًا لمبنى أو حيّ,10,true,1,1,1,0,oral_option_with_solo_written_read_aloud_alternative,T08 يطلب خمس جمل ألمانية كتابةً أو عرضًا شفهيًا مكافئًا، ويتيح للمتعلم الفردي الكتابة والقراءة بصوت واضح دون تسجيل. P01 مرتبط بـT08؛ P02 مرتبط بقراءة T05 وT08. لا تُستخدم بيانات سكن حقيقية.,رُوجع فرديًا وتراكميًا (b2-04-v2): 10 أسئلة موضوعية (8 تمارين مصدرية) ومهمتا أداء P01/P02 بعتبة 80% وتحقق ذاتي محلي؛ الأصول الصوتية (5 أصول / 11 مقاطع) مولّدة ومرتبطة بالدرس بحالة generated_pending_acoustic_review بانتظار المراجعة السمعية.,2,ready,11,generated_pending_acoustic_review
DL-B2-05-G01,B2,5,b2-05-health-fitness-medical-information,الصحة واللياقة والمعلومات الطبية: السبب والنتيجة,content/B2/lesson-05-health-fitness-medical-information.md,B2.5 — الصحة واللياقة والمعلومات الطبية: السبب والنتيجة,true,true,true,أستطيع أن أشرح علاقة السبب بالنتيجة باستخدام sodass / weshalb / deshalb، وأن أذكر سببًا بصيغة aufgrund + Genitiv، مع التمييز بين الوصف والسببية وبين التقرير اللغوي الخيالي والتشخيص الطبي. هذا الدرس وتقييمه المحلي للتعلّم الذاتي ولا يمنحان شهادة رسمية لمستوى B2.,قراءة تقرير، استماع، قواعد، تقييم معلومة، كتابة وعرض شفهي,30,8,DL-B2-05-T01;DL-B2-05-T02;DL-B2-05-T03;DL-B2-05-T04;DL-B2-05-T05;DL-B2-05-T06;DL-B2-05-T07;DL-B2-05-T08,تمرين 1 — اختر المفردة المناسبة | تمرين 2 — اربط الجملتين بالتركيب المحدد | تمرين 3 — أكمل بـaufgrund + Genitiv | تمرين 4 — اختر ترتيب الفعل الصحيح | تمرين 5 — فهم القراءة | تمرين 6 — فهم الاستماع | تمرين 7 — أعد الصياغة بالتركيب المطلوب | تمرين 8 — قيّم ادّعاءً خياليًا,10,true,1,1,1,0,oral_option_with_solo_written_read_aloud_alternative,T08 يتيح كتابة تقييم من خمس جمل ألمانية على الأقل أو عرضًا شفهيًا مكافئًا؛ ويذكر حدّين للبيانات. يمكن تنفيذه فرديًا، والكتابة بديلها قراءة الإجابة بصوت مسموع دون تسجيل أو إرسال صوت.,رُوجع فرديًا وتراكميًا (b2-05-v3): 10 أسئلة موضوعية (8 تمارين مصدرية) ومهمتا أداء P01/P02 بعتبة 80% وتحقق ذاتي محلي؛ الأصول الصوتية (5 أصول / 10 مقاطع) مولّدة ومرتبطة بالدرس بحالة generated_pending_acoustic_review بانتظار المراجعة السمعية.,2,ready,10,generated_pending_acoustic_review
DL-B2-06-G01,B2,6,b2-06-study-applications-verb-noun-phrases,التعلّم والدراسة والتقديم الأكاديمي: Nomen-Verb-Verbindungen,content/B2/lesson-06-study-applications-verb-noun-phrases.md,B2.6 — التعلّم والدراسة والتقديم الأكاديمي: Nomen-Verb-Verbindungen,true,true,true,أستطيع أن أستخدم تراكيب اسمية فعلية شائعة في سياق الدراسة والتقديم الرسمي، مع إنجاز المهمة الأولى (P01) كتابةً فقط والمهمة الثانية (P02) كتابةً وقراءةً جهرية ذاتية دون شريك أو تسجيل، علمًا أن هذا المنهج تدريب ذاتي غير معتمد رسميًا ولا يغني عن شهادة CEFR أو مراجعة بشرية.,قراءة إرشادات، استماع، كتابة رسمية، قواعد، تخطيط دراسة,45,8,DL-B2-06-T01;DL-B2-06-T02;DL-B2-06-T03;DL-B2-06-T04;DL-B2-06-T05;DL-B2-06-T06;DL-B2-06-T07;DL-B2-06-T08,تمرين 1 — صِل التركيب بمعناه | تمرين 2 — أكمل التركيب الاسمي الفعلي | تمرين 3 — أعد الصياغة بالتركيب المحدد | تمرين 4 — اختر الفعل المناسب | تمرين 5 — فهم القراءة | تمرين 6 — فهم الاستماع | تمرين 7 — أصلح التركيب غير المناسب | تمرين 8 — اكتب استفسارًا أكاديميًا,10,true,1,1,1,0,oral_option_with_solo_written_read_aloud_alternative,T08 يتيح استفسارًا رسميًا من خمس جمل كتابةً أو بعرض شفهي مكافئ؛ يطلب ثلاثة تراكيب اسمية فعلية على الأقل. للمتعلم الفردي كتابة الرسالة وقراءتها بصوت مسموع دون تسجيل أو إرسال صوت.,رُوجع فرديًا وتراكميًا (b2-06-v2): 10 أسئلة موضوعية (8 تمارين مصدرية) ومهمتا أداء P01/P02 بعتبة 80% وتحقق ذاتي محلي؛ الأصول الصوتية (5 أصول / 11 مقاطع) مولّدة ومرتبطة بالدرس بحالة generated_pending_acoustic_review بانتظار المراجعة السمعية.,2,ready,11,generated_pending_acoustic_review
DL-B2-07-G01,B2,7,b2-07-travel-experiences-prepositional-relatives,السفر والتجارب والوجهات: الجمل الموصولة مع حروف الجر,content/B2/lesson-07-travel-experiences-prepositional-relatives.md,B2.7 — السفر والتجارب والوجهات: الجمل الموصولة مع حروف الجر,true,true,true,أستطيع أن أضيف تفاصيل عن مكان أو تجربة باستخدام ضمير موصول يسبقه حرف جر، مع إنجاز المهمة الأولى (P01) كتابةً فقط والمهمة الثانية (P02) كتابةً وقراءةً جهرية ذاتية دون شريك أو تسجيل، علمًا أن هذا المنهج تدريب ذاتي غير معتمد رسميًا ولا يغني عن شهادة CEFR أو مراجعة بشرية.,قراءة رحلة، استماع، قواعد، وصف وجهة، كتابة,45,8,DL-B2-07-T01;DL-B2-07-T02;DL-B2-07-T03;DL-B2-07-T04;DL-B2-07-T05;DL-B2-07-T06;DL-B2-07-T07;DL-B2-07-T08,تمرين 1 — اختر ضمير الوصل بعد حرف الجر | تمرين 2 — أكمل بحرف الجر وضمير الوصل | تمرين 3 — اربط الجملتين بجملة موصولة مع حرف الجر | تمرين 4 — رتّب الكلمات | تمرين 5 — فهم القراءة | تمرين 6 — فهم الاستماع | تمرين 7 — اختر الحالة المناسبة | تمرين 8 — اكتب وصفًا لرحلة,10,true,1,1,1,0,oral_option_with_solo_written_read_aloud_alternative,عُدّل T08 ليتيح وصف رحلة خيالية من خمس إلى ست جمل كتابةً أو عرضًا شفهيًا مكافئًا، بثلاث جمل موصولة على الأقل مع حروف جر مختلفة. للمتعلم الفردي الكتابة والقراءة بصوت مسموع دون تسجيل أو إرسال صوت.,رُوجع فرديًا وتراكميًا (b2-07-v3): 10 أسئلة موضوعية (8 تمارين مصدرية) ومهمتا أداء P01/P02 بعتبة 80% وتحقق ذاتي محلي؛ الأصول الصوتية (5 أصول / 10 مقاطع) مولّدة ومرتبطة بالدرس بحالة generated_pending_acoustic_review بانتظار المراجعة السمعية.,2,ready,10,generated_pending_acoustic_review
DL-B2-08-G01,B2,8,b2-08-food-nutrition-data-passives,الغذاء والتغذية والبيانات: Vorgangspassiv وZustandspassiv,content/B2/lesson-08-food-nutrition-data-passives.md,B2.8 — الغذاء والتغذية والبيانات: Vorgangspassiv وZustandspassiv,true,true,true,أستطيع أن أميّز بين عملية الفحص الجارية ونتيجتها باستخدام werden + Partizip II وsein + Partizip II.,قراءة جدول، استماع، قواعد، مفردات غذائية، وصف بيانات,45,8,DL-B2-08-T01;DL-B2-08-T02;DL-B2-08-T03;DL-B2-08-T04;DL-B2-08-T05;DL-B2-08-T06;DL-B2-08-T07;DL-B2-08-T08,تمرين 1 — اختر المفردة المناسبة | تمرين 2 — أكمل بـwerden أو sein | تمرين 3 — حدّد Vorgangspassiv أو Zustandspassiv | تمرين 4 — اختر الفعل المساعد المناسب حسب المعنى | تمرين 5 — فهم القراءة | تمرين 6 — فهم الاستماع | تمرين 7 — حوّل بحسب المعنى المطلوب | تمرين 8 — صِف خطوات جمع بيانات خيالية,10,true,1,1,1,0,oral_option_with_solo_written_read_aloud_alternative,عُدّل T08 ليتيح وصف خمس جمل بالألمانية كتابةً أو عرضًا شفهيًا، بمرتين على الأقل من Vorgangspassiv ومرة من Zustandspassiv. للمتعلم الفردي الكتابة والقراءة بصوت مسموع دون تسجيل أو إرسال صوت.,رُوجع فرديًا وتراكميًا (b2-08-v2): 10 أسئلة موضوعية (8 تمارين مصدرية) ومهمتا أداء P01/P02 بعتبة 80% وتحقق ذاتي محلي؛ الأصول الصوتية (5 أصول / 10 مقاطع) مولّدة ومرتبطة بالدرس بحالة generated_pending_acoustic_review بانتظار المراجعة السمعية.,2,ready,10,generated_pending_acoustic_review
DL-B2-09-G01,B2,9,b2-09-business-marketing-employment-prepositions,الشركات والتسويق والعمل: الأفعال مع حروف الجر وda-/wo- المركّبة,content/B2/lesson-09-business-marketing-employment-prepositions.md,B2.9 — الشركات والتسويق والعمل: الأفعال مع حروف الجر وda-/wo- المركّبة,true,true,true,أستطيع أن أطرح سؤالًا عن شيء أو فكرة باستخدام wo(r) + Präposition، وأن أجيب باستخدام da(r) + Präposition مع الفعل المناسب، مع تمييز ذلك من السؤال والجواب عن الأشخاص.,قراءة إعلان، استماع، قواعد، نقاش مهني، كتابة,45,8,DL-B2-09-T01;DL-B2-09-T02;DL-B2-09-T03;DL-B2-09-T04;DL-B2-09-T05;DL-B2-09-T06;DL-B2-09-T07;DL-B2-09-T08,تمرين 1 — اختر الضمير المركّب المناسب | تمرين 2 — أكمل بـwo(r)- أو da(r)- المركّب | تمرين 3 — أكمل حرف الجر الصحيح | تمرين 4 — اربط السؤال بالجواب المناسب | تمرين 5 — فهم القراءة | تمرين 6 — فهم الاستماع | تمرين 7 — أعد صياغة السؤال والجواب | تمرين 8 — اكتب نبذة مهنية أو تسويقية,10,true,1,1,1,0,oral_option_with_solo_written_read_aloud_alternative,عُدّل T08 ليتيح خمس جمل ألمانية كتابةً أو عرضًا شفهيًا مكافئًا، مع سؤال مناسب بـwo(r)+Präposition وجواب بـda(r)+Präposition. للمتعلم الفردي الكتابة والقراءة بصوت مسموع دون تسجيل أو إرسال صوت.,رُوجع فرديًا وتراكميًا (b2-09-v2): 10 أسئلة موضوعية (8 تمارين مصدرية) ومهمتا أداء P01/P02 بعتبة 80% وتحقق ذاتي محلي؛ الأصول الصوتية (5 أصول / 12 مقاطع) مولّدة ومرتبطة بالدرس بحالة generated_pending_acoustic_review بانتظار المراجعة السمعية.,2,ready,12,generated_pending_acoustic_review
DL-B2-10-G01,B2,10,b2-10-wishes-probabilities-technology-konjunktiv2-past,الأمنيات والاحتمالات والتقنية: Konjunktiv II للماضي والفرضيات,content/B2/lesson-10-wishes-probabilities-technology-konjunktiv2-past.md,B2.10 — الأمنيات والاحتمالات والتقنية: Konjunktiv II للماضي والفرضيات,true,true,true,أستطيع أن أصف شرطًا خياليًا في الحاضر أو الماضي، وأن أعبّر عن احتمال باستخدام Konjunktiv II.,قراءة، استماع، قواعد، مناقشة تقنية، كتابة افتراض,45,8,DL-B2-10-T01;DL-B2-10-T02;DL-B2-10-T03;DL-B2-10-T04;DL-B2-10-T05;DL-B2-10-T06;DL-B2-10-T07;DL-B2-10-T08,تمرين 1 — اختر المفردة المناسبة | تمرين 2 — أكمل Konjunktiv II للماضي | تمرين 3 — اربط الشرط والنتيجة | تمرين 4 — اختر الصيغة المناسبة | تمرين 5 — فهم القراءة | تمرين 6 — فهم الاستماع | تمرين 7 — حوّل الجملة إلى فرضية عن الماضي | تمرين 8 — اكتب أو اعرض فرضية تقنية,10,true,1,1,1,0,oral_option_with_solo_written_read_aloud_alternative,يتيح T08 خمس جمل ألمانية كتابةً أو أداءً شفهيًا تتضمن فرضية حاضرة وشرطًا ماضيًا وأمنية واحتمالًا؛ وللمتعلم الفردي الكتابة والقراءة بصوت مسموع دون تسجيل أو إرسال صوت.,رُوجع فرديًا وتراكميًا (b2-10-v2): 10 أسئلة موضوعية (8 تمارين مصدرية) ومهمتا أداء P01/P02 بعتبة 80% وتحقق ذاتي محلي؛ الأصول الصوتية (5 أصول / 10 مقاطع) مولّدة ومرتبطة بالدرس بحالة generated_pending_acoustic_review بانتظار المراجعة السمعية.,2,ready,10,generated_pending_acoustic_review
DL-B2-11-G01,B2,11,b2-11-humans-nature-environment-nominalization,الإنسان والطبيعة وحماية البيئة: الأسلوب الاسمي,content/B2/lesson-11-humans-nature-environment-nominalization.md,B2.11 — الإنسان والطبيعة وحماية البيئة: الأسلوب الاسمي,true,true,true,أستطيع أن أستخدم الصياغة الاسمية لعرض عمليات وأسباب بيئية بأسلوب رسمي وموجز.,قراءة تقرير، استماع، قواعد، نقاش بيئي، كتابة,45,8,DL-B2-11-T01;DL-B2-11-T02;DL-B2-11-T03;DL-B2-11-T04;DL-B2-11-T05;DL-B2-11-T06;DL-B2-11-T07;DL-B2-11-T08,تمرين 1 — اختر الاسم المناسب | تمرين 2 — حوّل العبارة الفعلية إلى صياغة اسمية | تمرين 3 — أكمل بحرف الجر والحالة المناسبين | تمرين 4 — حوّل من الأسلوب الاسمي إلى الفعلي | تمرين 5 — فهم القراءة | تمرين 6 — فهم الاستماع | تمرين 7 — اختر الصياغة الأنسب للأسلوب الرسمي | تمرين 8 — اكتب أو قدّم فقرة عن إجراء بيئي,10,true,1,1,1,0,oral_option_with_solo_written_read_aloud_alternative,يتيح T08 خمس جمل ألمانية على الأقل كتابةً أو أداءً شفهيًا عن إجراء بيئي خيالي، بصيغتين اسميتين وأثر محتمل واحتياج إنساني؛ وللمتعلم الفردي الكتابة والقراءة بصوت مسموع دون تسجيل أو إرسال صوت.,رُوجع فرديًا وتراكميًا (b2-11-v2): 10 أسئلة موضوعية (8 تمارين مصدرية) ومهمتا أداء P01/P02 بعتبة 80% وتحقق ذاتي محلي؛ الأصول الصوتية (5 أصول / 11 مقاطع) مولّدة ومرتبطة بالدرس بحالة generated_pending_acoustic_review بانتظار المراجعة السمعية.,2,ready,11,generated_pending_acoustic_review
DL-B2-12-G01,B2,12,b2-12-leisure-media-reported-speech,أوقات الفراغ والإعلام ونقل الكلام: Konjunktiv I وKonjunktiv II,content/B2/lesson-12-leisure-media-reported-speech.md,B2.12 — أوقات الفراغ والإعلام ونقل الكلام: Konjunktiv I وKonjunktiv II,true,true,true,أستطيع أن أنقل أقوالًا في الإعلام مع نسبتها إلى مصدرها، وأن أختار Konjunktiv I أو الصيغة البديلة عند الحاجة.,قراءة مراجعة إعلامية، استماع، قواعد، تمييز الرأي، كتابة وعرض شفهي,45,8,DL-B2-12-T01;DL-B2-12-T02;DL-B2-12-T03;DL-B2-12-T04;DL-B2-12-T05;DL-B2-12-T06;DL-B2-12-T07;DL-B2-12-T08,تمرين 1 — أكمل صيغة Konjunktiv I | تمرين 2 — حوّل القول المباشر إلى كلام منقول | تمرين 3 — اختر صيغة النقل المناسبة | تمرين 4 — ميّز المصدر عن رأي الكاتب | تمرين 5 — فهم القراءة | تمرين 6 — فهم الاستماع | تمرين 7 — أكمل بمصدر مناسب للقول | تمرين 8 — لخّص مقابلة خيالية وقدّم إحاطة تحريرية متكاملة,10,true,1,1,1,0,oral_option_with_solo_written_read_aloud_alternative,يتيح T08 تلخيص مقابلة خيالية في خمس إلى ست جمل كتابةً أو أداءً شفهيًا، مع نسبة ثلاثة أقوال أو آراء على الأقل، وفصل الرأي الشخصي؛ وللمتعلم الفردي الكتابة والقراءة دون تسجيل أو إرسال صوت.,رُوجع فرديًا وتراكميًا (b2-12-v2): 10 أسئلة موضوعية (8 تمارين مصدرية) ومهمتا أداء P01/P02 بعتبة 80% وتحقق ذاتي محلي؛ الأصول الصوتية (5 أصول / 10 مقاطع) مولّدة ومرتبطة بالدرس بحالة generated_pending_acoustic_review بانتظار المراجعة السمعية.,2,ready,10,generated_pending_acoustic_review
